task_id	pallet_id	pallet_x	pallet_y	station_x	station_y	reload_x	reload_y
0	751	38	5	41	5	2	14
1	23	5	2	41	5	2	9
2	477	25	23	41	13	2	14
3	625	32	14	41	6	2	23
4	443	24	5	41	20	2	7
5	93	8	8	41	24	2	30
6	4	4	6	41	9	2	14
7	39	5	26	41	25	2	24
8	14	4	21	41	21	2	0
9	582	30	15	41	7	2	20
10	254	15	18	41	27	2	26
11	784	39	21	41	12	2	9
12	169	11	23	41	8	2	5
13	594	31	0	41	2	2	22
14	375	21	2	41	22	2	23
15	287	17	2	41	3	2	21
16	273	16	14	41	28	2	24
17	233	14	20	41	13	2	21
18	140	10	12	41	30	2	1
19	114	9	6	41	9	2	29
20	631	32	23	41	16	2	30
21	445	24	8	41	17	2	1
22	9	4	14	41	5	2	29
23	689	35	11	41	10	2	3
24	646	33	12	41	6	2	25
25	276	16	18	41	17	2	9
26	614	31	30	41	8	2	22
27	537	28	14	41	15	2	24
28	529	28	2	41	12	2	10
29	769	38	32	41	21	2	12
30	214	13	24	41	14	2	6
31	384	21	15	41	27	2	14
32	204	13	9	41	11	2	29
33	473	25	17	41	10	2	4
34	40	5	27	41	29	2	6
35	196	12	30	41	20	2	17
36	454	24	21	41	22	2	6
37	592	30	30	41	6	2	18
38	452	24	18	41	25	2	0
39	780	39	15	41	21	2	5
40	202	13	6	41	17	2	5
41	724	36	30	41	21	2	15
42	170	11	24	41	19	2	18
43	621	32	8	41	20	2	27
44	71	7	8	41	4	2	18
45	179	12	5	41	19	2	0
46	123	9	20	41	10	2	18
47	332	19	3	41	3	2	16
48	3	4	5	41	31	2	15
49	256	15	21	41	13	2	8
50	55	6	17	41	22	2	20
51	288	17	3	41	13	2	20
52	583	30	17	41	23	2	23
53	181	12	8	41	15	2	28
54	721	36	26	41	28	2	10
55	302	17	24	41	2	2	11
56	295	17	14	41	27	2	29
57	75	7	14	41	1	2	29
58	372	20	30	41	18	2	14
59	203	13	8	41	31	2	30
60	239	14	29	41	31	2	18
61	466	25	6	41	28	2	30
62	36	5	21	41	19	2	24
63	464	25	3	41	8	2	9
64	229	14	14	41	1	2	26
65	338	19	12	41	23	2	7
66	772	39	3	41	8	2	27
67	782	39	18	41	25	2	29
68	604	31	15	41	26	2	6
69	589	30	26	41	8	2	21
70	149	10	26	41	6	2	12
71	523	27	26	41	28	2	26
72	428	23	15	41	3	2	5
73	450	24	15	41	24	2	29
74	409	22	20	41	7	2	22
75	727	37	2	41	2	2	10
76	307	17	32	41	4	2	13
77	485	26	2	41	25	2	2
78	228	14	12	41	2	2	1
79	154	11	0	41	18	2	13
80	324	18	24	41	16	2	20
81	415	22	29	41	29	2	27
82	146	10	21	41	20	2	24
83	483	25	32	41	18	2	20
84	266	16	3	41	23	2	15
85	327	18	29	41	22	2	26
86	552	29	3	41	1	2	22
87	573	30	2	41	26	2	28
88	400	22	6	41	28	2	17
89	243	15	2	41	12	2	6
90	748	38	0	41	26	2	14
91	349	19	29	41	16	2	24
92	82	7	24	41	28	2	25
93	197	12	32	41	5	2	24
94	145	10	20	41	24	2	19
95	310	18	3	41	14	2	6
96	692	35	15	41	18	2	25
97	348	19	27	41	16	2	9
98	642	33	6	41	8	2	14
99	553	29	5	41	1	2	8
100	411	22	23	41	19	2	2
101	596	31	3	41	23	2	19
102	326	18	27	41	16	2	5
103	487	26	5	41	27	2	27
104	303	17	26	41	20	2	28
105	551	29	2	41	7	2	4
106	363	20	17	41	21	2	23
107	616	32	0	41	8	2	3
108	444	24	6	41	19	2	9
109	224	14	6	41	10	2	15
110	331	19	2	41	13	2	28
111	316	18	12	41	2	2	27
112	765	38	26	41	4	2	8
113	533	28	8	41	12	2	2
114	370	20	27	41	3	2	2
115	38	5	24	41	24	2	12
116	129	9	29	41	17	2	1
117	175	11	32	41	19	2	0
118	717	36	20	41	15	2	30
119	577	30	8	41	21	2	11
120	531	28	5	41	7	2	26
121	512	27	9	41	9	2	0
122	73	7	11	41	15	2	19
123	165	11	17	41	27	2	10
124	272	16	12	41	15	2	8
125	561	29	17	41	31	2	7
126	42	5	30	41	5	2	15
127	664	34	6	41	17	2	18
128	725	36	32	41	23	2	14
129	546	28	27	41	26	2	29
130	574	30	3	41	26	2	15
131	171	11	26	41	30	2	16
132	383	21	14	41	26	2	19
133	286	17	0	41	1	2	15
134	559	29	14	41	3	2	3
135	548	28	30	41	27	2	29
136	405	22	14	41	6	2	12
137	430	23	18	41	20	2	23
138	116	9	9	41	30	2	14
139	570	29	30	41	16	2	9
140	785	39	23	41	11	2	28
141	212	13	21	41	30	2	8
142	683	35	2	41	30	2	18
143	240	14	30	41	23	2	17
144	244	15	3	41	21	2	15
145	87	7	32	41	27	2	12
146	66	7	0	41	21	2	8
147	24	5	3	41	18	2	10
148	334	19	6	41	24	2	27
149	676	34	24	41	4	2	9
150	427	23	14	41	31	2	15
151	396	22	0	41	24	2	2
152	395	21	32	41	23	2	13
153	603	31	14	41	13	2	6
154	728	37	3	41	16	2	21
155	433	23	23	41	12	2	18
156	215	13	26	41	21	2	26
157	662	34	3	41	3	2	22
158	257	15	23	41	2	2	17
159	22	5	0	41	28	2	30
160	81	7	23	41	29	2	26
161	744	37	27	41	17	2	20
162	657	33	29	41	6	2	15
163	705	36	2	41	10	2	16
164	300	17	21	41	31	2	2
165	627	32	17	41	14	2	19
166	601	31	11	41	28	2	12
167	365	20	20	41	5	2	29
168	407	22	17	41	24	2	3
169	182	12	9	41	15	2	11
170	401	22	8	41	21	2	6
171	159	11	8	41	26	2	10
172	697	35	23	41	15	2	22
173	385	21	17	41	28	2	21
174	255	15	20	41	4	2	11
175	19	4	29	41	24	2	12
176	501	26	26	41	3	2	26
177	386	21	18	41	26	2	7
178	308	18	0	41	17	2	2
179	635	32	29	41	22	2	10
180	45	6	2	41	11	2	24
181	555	29	8	41	16	2	11
182	278	16	21	41	25	2	17
183	682	35	0	41	30	2	15
184	293	17	11	41	22	2	20
185	166	11	18	41	29	2	27
186	681	34	32	41	31	2	26
187	150	10	27	41	7	2	5
188	723	36	29	41	4	2	20
189	232	14	18	41	3	2	21
190	260	15	27	41	12	2	21
191	10	4	15	41	18	2	8
192	11	4	17	41	9	2	24
193	502	26	27	41	26	2	15
194	506	27	0	41	25	2	16
195	417	22	32	41	26	2	20
196	685	35	5	41	14	2	4
197	118	9	12	41	21	2	16
198	84	7	27	41	1	2	4
199	626	32	15	41	30	2	30
200	259	15	26	41	7	2	9
201	361	20	14	41	15	2	13
202	236	14	24	41	13	2	6
203	448	24	12	41	26	2	22
204	94	8	9	41	20	2	23
205	528	28	0	41	26	2	22
206	698	35	24	41	12	2	6
207	536	28	12	41	16	2	29
208	564	29	21	41	25	2	13
209	438	23	30	41	28	2	7
210	263	15	32	41	3	2	5
211	585	30	20	41	20	2	23
212	265	16	2	41	7	2	25
213	768	38	30	41	16	2	9
214	311	18	5	41	29	2	17
215	237	14	26	41	17	2	0
216	6	4	9	41	20	2	9
217	709	36	8	41	26	2	27
218	418	23	0	41	1	2	28
219	35	5	20	41	22	2	1
220	89	8	2	41	25	2	29
221	13	4	20	41	29	2	6
222	618	32	3	41	19	2	26
223	467	25	8	41	11	2	8
224	654	33	24	41	8	2	15
225	458	24	27	41	22	2	24
226	569	29	29	41	21	2	24
227	138	10	9	41	21	2	16
228	85	7	29	41	12	2	30
229	752	38	6	41	31	2	22
230	393	21	29	41	27	2	22
231	319	18	17	41	5	2	25
232	245	15	5	41	16	2	18
233	600	31	9	41	2	2	19
234	719	36	23	41	29	2	8
235	318	18	15	41	15	2	24
236	284	16	30	41	3	2	10
237	680	34	30	41	9	2	2
238	33	5	17	41	1	2	3
239	611	31	26	41	8	2	13
240	542	28	21	41	11	2	13
241	112	9	3	41	8	2	7
242	231	14	17	41	3	2	17
243	630	32	21	41	28	2	12
244	398	22	3	41	5	2	23
245	421	23	5	41	27	2	28
246	209	13	17	41	25	2	16
247	323	18	23	41	10	2	2
248	47	6	5	41	27	2	28
249	556	29	9	41	1	2	8
250	434	23	24	41	10	2	17
251	184	12	12	41	30	2	8
252	737	37	17	41	22	2	2
253	622	32	9	41	17	2	8
254	122	9	18	41	9	2	27
255	321	18	20	41	7	2	19
256	48	6	6	41	26	2	26
257	267	16	5	41	19	2	22
258	644	33	9	41	26	2	11
259	436	23	27	41	2	2	15
260	633	32	26	41	20	2	11
261	419	23	2	41	27	2	19
262	1	4	2	41	7	2	23
263	732	37	9	41	15	2	13
264	753	38	8	41	28	2	25
265	455	24	23	41	9	2	22
266	34	5	18	41	13	2	22
267	285	16	32	41	27	2	19
268	581	30	14	41	22	2	0
269	456	24	24	41	6	2	19
270	489	26	8	41	26	2	14
271	390	21	24	41	20	2	15
272	328	18	30	41	6	2	24
273	484	26	0	41	28	2	24
274	305	17	29	41	25	2	1
275	538	28	15	41	1	2	12
276	297	17	17	41	19	2	10
277	426	23	12	41	3	2	2
278	192	12	24	41	16	2	11
279	205	13	11	41	21	2	22
280	43	5	32	41	12	2	30
281	261	15	29	41	12	2	6
282	391	21	26	41	13	2	29
283	353	20	2	41	23	2	1
284	516	27	15	41	31	2	25
285	178	12	3	41	18	2	11
286	189	12	20	41	9	2	18
287	389	21	23	41	11	2	14
288	598	31	6	41	8	2	5
289	441	24	2	41	22	2	1
290	221	14	2	41	7	2	16
291	106	8	27	41	18	2	26
292	291	17	8	41	20	2	5
293	716	36	18	41	18	2	15
294	755	38	11	41	22	2	28
295	168	11	21	41	9	2	14
296	388	21	21	41	24	2	10
297	314	18	9	41	14	2	18
298	91	8	5	41	2	2	1
299	636	32	30	41	14	2	0
300	498	26	21	41	23	2	9
301	339	19	14	41	28	2	28
302	207	13	14	41	4	2	22
303	322	18	21	41	10	2	2
304	109	8	32	41	22	2	9
305	610	31	24	41	23	2	10
306	613	31	29	41	12	2	26
307	100	8	18	41	18	2	5
308	137	10	8	41	27	2	30
309	566	29	24	41	8	2	3
310	757	38	14	41	31	2	7
311	743	37	26	41	19	2	6
312	718	36	21	41	26	2	12
313	674	34	21	41	22	2	3
314	658	33	30	41	28	2	0
315	503	26	29	41	27	2	15
316	147	10	23	41	1	2	2
317	88	8	0	41	20	2	18
318	606	31	18	41	25	2	9
319	607	31	20	41	9	2	15
320	247	15	8	41	4	2	15
321	26	5	6	41	18	2	3
322	143	10	17	41	25	2	29
323	79	7	20	41	16	2	10
324	643	33	8	41	13	2	7
325	517	27	17	41	4	2	18
326	505	26	32	41	4	2	4
327	155	11	2	41	26	2	11
328	410	22	21	41	26	2	26
329	222	14	3	41	3	2	7
330	532	28	6	41	22	2	24
331	790	39	30	41	17	2	23
332	60	6	24	41	14	2	24
333	550	29	0	41	3	2	15
334	44	6	0	41	12	2	28
335	747	37	32	41	31	2	8
336	172	11	27	41	26	2	20
337	608	31	21	41	13	2	28
338	629	32	20	41	5	2	6
339	469	25	11	41	4	2	6
340	378	21	6	41	18	2	29
341	560	29	15	41	23	2	23
342	174	11	30	41	24	2	15
343	446	24	9	41	24	2	17
344	771	39	2	41	20	2	13
345	313	18	8	41	22	2	23
346	543	28	23	41	23	2	4
347	37	5	23	41	31	2	24
348	404	22	12	41	19	2	13
349	70	7	6	41	29	2	8
350	554	29	6	41	24	2	22
351	206	13	12	41	30	2	15
352	15	4	23	41	1	2	27
353	362	20	15	41	11	2	8
354	749	38	2	41	9	2	11
355	117	9	11	41	20	2	0
356	220	14	0	41	31	2	20
357	686	35	6	41	31	2	14
358	350	19	30	41	4	2	6
359	408	22	18	41	14	2	21
360	340	19	15	41	6	2	11
361	507	27	2	41	30	2	0
362	787	39	26	41	16	2	27
363	125	9	23	41	31	2	0
364	739	37	20	41	8	2	11
365	30	5	12	41	25	2	8
366	634	32	27	41	23	2	26
367	180	12	6	41	27	2	12
368	754	38	9	41	10	2	0
369	238	14	27	41	15	2	26
370	225	14	8	41	4	2	0
371	462	25	0	41	28	2	1
372	54	6	15	41	21	2	7
373	694	35	18	41	12	2	0
374	253	15	17	41	9	2	6
375	602	31	12	41	20	2	30
376	628	32	18	41	23	2	27
377	76	7	15	41	20	2	20
378	64	6	30	41	28	2	6
379	157	11	5	41	24	2	22
380	368	20	24	41	24	2	24
381	468	25	9	41	29	2	25
382	595	31	2	41	18	2	29
383	234	14	21	41	4	2	1
384	96	8	12	41	25	2	5
385	511	27	8	41	30	2	30
386	186	12	15	41	3	2	24
387	32	5	15	41	29	2	16
388	435	23	26	41	11	2	10
389	597	31	5	41	17	2	30
390	115	9	8	41	13	2	1
391	195	12	29	41	19	2	24
392	519	27	20	41	1	2	12
393	345	19	23	41	25	2	23
394	80	7	21	41	20	2	17
395	620	32	6	41	27	2	3
396	373	20	32	41	27	2	17
397	639	33	2	41	27	2	8
398	342	19	18	41	22	2	26
399	677	34	26	41	22	2	19
400	18	4	27	41	24	2	2
401	495	26	17	41	1	2	17
402	299	17	20	41	13	2	16
403	394	21	30	41	26	2	21
404	425	23	11	41	23	2	30
405	392	21	27	41	3	2	25
406	492	26	12	41	10	2	0
407	5	4	8	41	14	2	24
408	376	21	3	41	22	2	25
409	671	34	17	41	15	2	1
410	329	18	32	41	12	2	24
411	152	10	30	41	29	2	19
412	110	9	0	41	1	2	18
413	356	20	6	41	18	2	6
414	666	34	9	41	8	2	8
415	558	29	12	41	29	2	16
416	525	27	29	41	29	2	8
417	547	28	29	41	13	2	12
418	759	38	17	41	28	2	23
419	437	23	29	41	15	2	17
420	344	19	21	41	16	2	1
421	346	19	24	41	13	2	28
422	144	10	18	41	5	2	12
423	605	31	17	41	21	2	17
424	701	35	29	41	22	2	21
425	587	30	23	41	14	2	24
426	360	20	12	41	22	2	16
427	105	8	26	41	26	2	12
428	714	36	15	41	27	2	30
429	420	23	3	41	1	2	4
430	522	27	24	41	23	2	2
431	645	33	11	41	25	2	19
432	789	39	29	41	23	2	3
433	588	30	24	41	4	2	17
434	461	24	32	41	18	2	27
435	242	15	0	41	1	2	29
436	249	15	11	41	3	2	21
437	7	4	11	41	14	2	24
438	49	6	8	41	9	2	25
439	565	29	23	41	12	2	28
440	659	33	32	41	6	2	10
441	183	12	11	41	31	2	26
442	107	8	29	41	16	2	5
443	672	34	18	41	11	2	7
444	440	24	0	41	16	2	15
445	579	30	11	41	8	2	15
446	226	14	9	41	2	2	3
447	758	38	15	41	19	2	20
448	710	36	9	41	16	2	25
449	535	28	11	41	18	2	9
450	763	38	23	41	17	2	16
451	702	35	30	41	4	2	24
452	520	27	21	41	9	2	1
453	591	30	29	41	4	2	9
454	304	17	27	41	7	2	9
455	280	16	24	41	14	2	30
456	258	15	24	41	24	2	24
457	479	25	26	41	20	2	3
458	72	7	9	41	20	2	13
459	31	5	14	41	17	2	17
460	312	18	6	41	5	2	16
461	509	27	5	41	16	2	19
462	586	30	21	41	19	2	4
463	650	33	18	41	22	2	5
464	638	33	0	41	29	2	5
465	208	13	15	41	24	2	4
466	459	24	29	41	12	2	8
467	315	18	11	41	23	2	17
468	526	27	30	41	4	2	21
469	275	16	17	41	29	2	27
470	480	25	27	41	26	2	0
471	83	7	26	41	2	2	30
472	499	26	23	41	10	2	14
473	451	24	17	41	21	2	23
474	113	9	5	41	25	2	22
475	545	28	26	41	6	2	1
476	713	36	14	41	30	2	8
477	364	20	18	41	17	2	9
478	568	29	27	41	24	2	3
479	700	35	27	41	18	2	18
480	274	16	15	41	14	2	14
481	119	9	14	41	20	2	22
482	500	26	24	41	25	2	20
483	77	7	17	41	16	2	14
484	632	32	24	41	18	2	10
485	488	26	6	41	19	2	15
486	530	28	3	41	24	2	14
487	651	33	20	41	24	2	17
488	95	8	11	41	8	2	29
489	399	22	5	41	29	2	1
490	447	24	11	41	10	2	18
491	750	38	3	41	22	2	19
492	432	23	21	41	25	2	15
493	74	7	12	41	13	2	14
494	61	6	26	41	17	2	7
495	223	14	5	41	4	2	28
496	648	33	15	41	5	2	1
497	575	30	5	41	5	2	15
498	352	20	0	41	30	2	22
499	593	30	32	41	3	2	23
500	403	22	11	41	3	2	13
501	56	6	18	41	11	2	1
502	619	32	5	41	28	2	25
503	786	39	24	41	16	2	21
504	539	28	17	41	12	2	17
505	190	12	21	41	1	2	20
506	740	37	21	41	16	2	15
507	481	25	29	41	11	2	2
508	463	25	2	41	29	2	28
509	641	33	5	41	27	2	5
510	567	29	26	41	10	2	5
511	135	10	5	41	26	2	17
512	65	6	32	41	12	2	17
513	200	13	3	41	9	2	23
514	369	20	26	41	24	2	18
515	482	25	30	41	11	2	20
516	151	10	29	41	4	2	28
517	333	19	5	41	15	2	18
518	615	31	32	41	12	2	27
519	617	32	2	41	29	2	21
520	457	24	26	41	30	2	18
521	320	18	18	41	23	2	22
522	27	5	8	41	14	2	15
523	590	30	27	41	27	2	17
524	68	7	3	41	25	2	16
525	449	24	14	41	8	2	5
526	127	9	26	41	10	2	19
527	219	13	32	41	3	2	8
528	252	15	15	41	25	2	17
529	406	22	15	41	16	2	30
530	211	13	20	41	11	2	12
531	738	37	18	41	10	2	27
532	521	27	23	41	27	2	19
533	491	26	11	41	6	2	23
534	102	8	21	41	9	2	30
535	371	20	29	41	15	2	0
536	474	25	18	41	9	2	13
537	367	20	23	41	4	2	9
538	667	34	11	41	12	2	22
539	173	11	29	41	1	2	2
540	781	39	17	41	28	2	8
541	746	37	30	41	8	2	18
542	562	29	18	41	11	2	16
543	647	33	14	41	1	2	29
544	571	29	32	41	9	2	6
545	514	27	12	41	29	2	5
546	262	15	30	41	28	2	27
547	541	28	20	41	12	2	3
548	688	35	9	41	25	2	30
549	139	10	11	41	8	2	14
550	513	27	11	41	29	2	18
551	28	5	9	41	20	2	16
552	663	34	5	41	28	2	12
553	8	4	12	41	8	2	6
554	745	37	29	41	25	2	11
555	429	23	17	41	5	2	8
556	460	24	30	41	1	2	27
557	343	19	20	41	7	2	21
558	764	38	24	41	22	2	7
559	103	8	23	41	8	2	20
560	156	11	3	41	4	2	3
561	687	35	8	41	13	2	17
562	317	18	14	41	7	2	30
563	188	12	18	41	18	2	3
564	778	39	12	41	7	2	21
565	678	34	27	41	5	2	10
566	351	19	32	41	17	2	11
567	661	34	2	41	10	2	21
568	715	36	17	41	1	2	17
569	665	34	8	41	26	2	7
570	101	8	20	41	20	2	23
571	791	39	32	41	20	2	9
572	292	17	9	41	2	2	2
573	496	26	18	41	6	2	11
574	358	20	9	41	8	2	22
575	599	31	8	41	27	2	11
576	59	6	23	41	31	2	9
577	193	12	26	41	22	2	0
578	493	26	14	41	31	2	26
579	213	13	23	41	31	2	7
580	132	10	0	41	23	2	1
581	121	9	17	41	8	2	25
582	62	6	27	41	29	2	7
583	733	37	11	41	22	2	10
584	296	17	15	41	20	2	22
585	416	22	30	41	18	2	1
586	283	16	29	41	22	2	15
587	476	25	21	41	30	2	11
588	578	30	9	41	15	2	23
589	706	36	3	41	16	2	3
590	281	16	26	41	25	2	19
591	98	8	15	41	7	2	15
592	465	25	5	41	9	2	13
593	515	27	14	41	13	2	20
594	108	8	30	41	1	2	24
595	264	16	0	41	2	2	8
596	46	6	3	41	18	2	3
597	177	12	2	41	15	2	11
598	527	27	32	41	30	2	9
599	381	21	11	41	18	2	4
600	524	27	27	41	10	2	17
601	670	34	15	41	7	2	0
602	67	7	2	41	28	2	20
603	53	6	14	41	19	2	18
604	17	4	26	41	1	2	30
605	508	27	3	41	5	2	3
606	402	22	9	41	11	2	22
607	762	38	21	41	18	2	27
608	412	22	24	41	28	2	4
609	580	30	12	41	9	2	9
610	235	14	23	41	19	2	20
611	136	10	6	41	2	2	3
612	111	9	2	41	8	2	15
613	756	38	12	41	14	2	13
614	695	35	20	41	14	2	30
615	131	9	32	41	2	2	13
616	736	37	15	41	2	2	10
617	576	30	6	41	29	2	28
618	775	39	8	41	10	2	19
619	788	39	27	41	3	2	15
620	2	4	3	41	18	2	19
621	246	15	6	41	30	2	21
622	708	36	6	41	17	2	1
623	770	39	0	41	18	2	5
624	668	34	12	41	30	2	21
625	442	24	3	41	29	2	18
626	557	29	11	41	31	2	4
627	649	33	17	41	20	2	23
628	354	20	3	41	23	2	1
629	141	10	14	41	19	2	4
630	335	19	8	41	7	2	11
631	86	7	30	41	23	2	3
632	722	36	27	41	12	2	2
633	160	11	9	41	4	2	3
634	270	16	9	41	14	2	18
635	707	36	5	41	16	2	10
636	289	17	5	41	26	2	14
637	130	9	30	41	13	2	22
638	12	4	18	41	14	2	17
639	471	25	14	41	22	2	26
640	730	37	6	41	25	2	2
641	422	23	6	41	11	2	5
642	162	11	12	41	28	2	11
643	720	36	24	41	3	2	3
644	161	11	11	41	5	2	20
645	773	39	5	41	21	2	5
646	164	11	15	41	31	2	24
647	337	19	11	41	21	2	28
648	366	20	21	41	21	2	22
649	518	27	18	41	13	2	25
650	201	13	5	41	29	2	11
651	134	10	3	41	18	2	2
652	439	23	32	41	19	2	25
653	779	39	14	41	1	2	10
654	355	20	5	41	24	2	2
655	766	38	27	41	19	2	10
656	298	17	18	41	26	2	4
657	609	31	23	41	19	2	27
658	176	12	0	41	16	2	14
659	510	27	6	41	7	2	8
660	472	25	15	41	10	2	7
661	612	31	27	41	14	2	2
662	277	16	20	41	5	2	23
663	216	13	27	41	3	2	3
664	711	36	11	41	20	2	27
665	453	24	20	41	16	2	22
666	623	32	11	41	7	2	2
667	120	9	15	41	10	2	5
668	230	14	15	41	17	2	22
669	470	25	12	41	4	2	16
670	397	22	2	41	9	2	15
671	282	16	27	41	8	2	18
672	41	5	29	41	5	2	10
673	774	39	6	41	22	2	9
674	52	6	12	41	6	2	28
675	359	20	11	41	11	2	23
676	731	37	8	41	10	2	11
677	776	39	9	41	4	2	17
678	712	36	12	41	6	2	6
679	336	19	9	41	18	2	15
680	271	16	11	41	8	2	21
681	742	37	24	41	1	2	27
682	486	26	3	41	16	2	5
683	21	4	32	41	1	2	27
684	306	17	30	41	4	2	14
685	414	22	27	41	31	2	15
686	250	15	12	41	19	2	20
687	475	25	20	41	3	2	16
688	78	7	18	41	10	2	25
689	387	21	20	41	8	2	22
690	675	34	23	41	27	2	13
691	637	32	32	41	19	2	24
692	760	38	18	41	24	2	29
693	382	21	12	41	24	2	0
694	309	18	2	41	4	2	2
695	669	34	14	41	26	2	13
696	690	35	12	41	13	2	14
697	761	38	20	41	26	2	12
698	673	34	20	41	6	2	8
699	153	10	32	41	19	2	15
700	413	22	26	41	9	2	30
701	50	6	9	41	29	2	5
702	640	33	3	41	11	2	17
703	290	17	6	41	30	2	22
704	504	26	30	41	29	2	2
705	693	35	17	41	11	2	14
706	218	13	30	41	2	2	4
707	494	26	15	41	14	2	2
708	268	16	6	41	13	2	16
709	544	28	24	41	12	2	5
710	534	28	9	41	8	2	28
711	726	37	0	41	23	2	20
712	294	17	12	41	28	2	25
713	423	23	8	41	19	2	3
714	20	4	30	41	14	2	22
715	704	36	0	41	1	2	6
716	729	37	5	41	19	2	3
717	679	34	29	41	16	2	2
718	69	7	5	41	6	2	4
719	142	10	15	41	3	2	25
720	549	28	32	41	22	2	0
721	703	35	32	41	20	2	9
722	734	37	12	41	12	2	13
723	217	13	29	41	18	2	27
724	301	17	23	41	18	2	6
725	341	19	17	41	11	2	6
726	133	10	2	41	30	2	8
727	653	33	23	41	30	2	21
728	374	21	0	41	13	2	23
729	325	18	26	41	30	2	21
730	478	25	24	41	22	2	5
731	377	21	5	41	27	2	10
732	104	8	24	41	19	2	23
733	99	8	17	41	20	2	18
734	0	4	0	41	18	2	3
735	279	16	23	41	19	2	24
736	199	13	2	41	18	2	0
737	660	34	0	41	3	2	6
738	90	8	3	41	4	2	26
739	128	9	27	41	18	2	19
740	63	6	29	41	28	2	14
741	227	14	11	41	25	2	8
742	25	5	5	41	1	2	2
743	187	12	17	41	4	2	27
744	735	37	14	41	11	2	27
745	767	38	29	41	27	2	19
746	497	26	20	41	27	2	29
747	97	8	14	41	11	2	4
748	191	12	23	41	18	2	28
749	269	16	8	41	8	2	8
750	210	13	18	41	9	2	0
751	572	30	0	41	31	2	20
752	347	19	26	41	29	2	2
753	58	6	21	41	31	2	1
754	92	8	6	41	11	2	24
755	158	11	6	41	10	2	10
756	124	9	21	41	16	2	18
757	741	37	23	41	19	2	11
758	380	21	9	41	17	2	25
759	251	15	14	41	20	2	19
760	330	19	0	41	4	2	15
761	691	35	14	41	27	2	10
762	194	12	27	41	14	2	29
763	424	23	9	41	11	2	29
764	540	28	18	41	13	2	25
765	248	15	9	41	25	2	28
766	51	6	11	41	4	2	22
767	198	13	0	41	31	2	6
768	185	12	14	41	24	2	23
769	357	20	8	41	18	2	29
770	241	14	32	41	25	2	3
771	624	32	12	41	27	2	15
772	29	5	11	41	8	2	16
773	696	35	21	41	28	2	0
774	684	35	3	41	2	2	23
775	126	9	24	41	25	2	29
776	16	4	24	41	23	2	29
777	57	6	20	41	15	2	21
778	783	39	20	41	6	2	18
779	148	10	24	41	6	2	1
780	652	33	21	41	15	2	25
781	699	35	26	41	18	2	15
782	163	11	14	41	18	2	5
783	490	26	9	41	14	2	22
784	167	11	20	41	7	2	11
785	656	33	27	41	25	2	26
786	431	23	20	41	2	2	6
787	655	33	26	41	28	2	28
788	584	30	18	41	31	2	15
789	379	21	8	41	14	2	8
790	777	39	11	41	23	2	3
791	563	29	20	41	8	2	14
792	277	16	20	41	23	2	5
793	405	22	14	41	17	2	2
794	142	10	15	41	28	2	20
795	115	9	8	41	5	2	3
796	426	23	12	41	17	2	2
797	648	33	15	41	22	2	10
798	272	16	12	41	31	2	23
799	299	17	20	41	19	2	30
800	552	29	3	41	21	2	26
801	210	13	18	41	30	2	22
802	199	13	2	41	20	2	5
803	752	38	6	41	10	2	21
804	789	39	29	41	6	2	23
805	472	25	15	41	25	2	21
806	102	8	21	41	31	2	2
807	428	23	15	41	19	2	14
808	758	38	15	41	14	2	30
809	412	22	24	41	13	2	6
810	104	8	24	41	17	2	15
811	559	29	14	41	15	2	11
812	642	33	6	41	24	2	7
813	717	36	20	41	14	2	10
814	766	38	27	41	14	2	4
815	342	19	18	41	5	2	14
816	569	29	29	41	22	2	28
817	503	26	29	41	29	2	27
818	356	20	6	41	9	2	6
819	50	6	9	41	26	2	30
820	189	12	20	41	27	2	10
821	314	18	9	41	27	2	23
822	51	6	11	41	26	2	30
823	607	31	20	41	30	2	30
824	84	7	27	41	19	2	5
825	111	9	2	41	15	2	4
826	671	34	17	41	25	2	23
827	539	28	17	41	31	2	10
828	288	17	3	41	11	2	24
829	668	34	12	41	4	2	24
830	126	9	24	41	20	2	9
831	109	8	32	41	23	2	14
832	483	25	32	41	27	2	0
833	545	28	26	41	21	2	29
834	459	24	29	41	22	2	24
835	202	13	6	41	1	2	30
836	276	16	18	41	7	2	21
837	113	9	5	41	22	2	16
838	4	4	6	41	19	2	2
839	373	20	32	41	23	2	11
840	756	38	12	41	23	2	6
841	571	29	32	41	3	2	24
842	326	18	27	41	27	2	16
843	249	15	11	41	21	2	7
844	633	32	26	41	25	2	11
845	415	22	29	41	8	2	22
846	160	11	9	41	9	2	1
847	351	19	32	41	11	2	6
848	397	22	2	41	5	2	5
849	63	6	29	41	28	2	25
850	666	34	9	41	7	2	26
851	183	12	11	41	10	2	13
852	153	10	32	41	14	2	23
853	588	30	24	41	11	2	28
854	498	26	21	41	28	2	7
855	358	20	9	41	29	2	21
856	0	4	0	41	23	2	25
857	653	33	23	41	31	2	0
858	421	23	5	41	20	2	19
859	546	28	27	41	7	2	28
860	541	28	20	41	26	2	15
861	573	30	2	41	7	2	0
862	268	16	6	41	11	2	15
863	549	28	32	41	1	2	24
864	657	33	29	41	21	2	1
865	184	12	12	41	18	2	12
866	560	29	15	41	31	2	4
867	151	10	29	41	25	2	20
868	284	16	30	41	9	2	11
869	540	28	18	41	1	2	28
870	581	30	14	41	2	2	21
871	278	16	21	41	23	2	7
872	393	21	29	41	30	2	19
873	320	18	18	41	26	2	22
874	490	26	9	41	6	2	22
875	551	29	2	41	20	2	6
876	252	15	15	41	14	2	13
877	372	20	30	41	17	2	15
878	1	4	2	41	22	2	1
879	402	22	9	41	13	2	5
880	135	10	5	41	16	2	13
881	556	29	9	41	25	2	22
882	535	28	11	41	28	2	26
883	786	39	24	41	28	2	26
884	201	13	5	41	3	2	9
885	317	18	14	41	10	2	14
886	784	39	21	41	4	2	13
887	738	37	18	41	3	2	6
888	484	26	0	41	9	2	5
889	589	30	26	41	14	2	26
890	218	13	30	41	31	2	29
891	62	6	27	41	30	2	24
892	338	19	12	41	19	2	24
893	24	5	3	41	23	2	1
894	164	11	15	41	9	2	26
895	719	36	23	41	12	2	3
896	52	6	12	41	2	2	3
897	74	7	12	41	8	2	4
898	101	8	20	41	26	2	8
899	715	36	17	41	25	2	13
900	643	33	8	41	24	2	13
901	574	30	3	41	27	2	22
902	76	7	15	41	28	2	13
903	152	10	30	41	3	2	30
904	323	18	23	41	22	2	13
905	746	37	30	41	30	2	18
906	530	28	3	41	14	2	4
907	529	28	2	41	10	2	0
908	344	19	21	41	28	2	26
909	655	33	26	41	26	2	12
910	396	22	0	41	25	2	12
911	675	34	23	41	27	2	22
912	168	11	21	41	27	2	9
913	14	4	21	41	12	2	7
914	150	10	27	41	24	2	4
915	267	16	5	41	14	2	29
916	297	17	17	41	14	2	16
917	507	27	2	41	5	2	30
918	714	36	15	41	30	2	5
919	321	18	20	41	14	2	0
920	114	9	6	41	4	2	2
921	566	29	24	41	6	2	2
922	108	8	30	41	7	2	19
923	258	15	24	41	24	2	0
924	382	21	12	41	9	2	27
925	10	4	15	41	9	2	8
926	79	7	20	41	6	2	29
927	563	29	20	41	7	2	12
928	368	20	24	41	7	2	26
929	448	24	12	41	25	2	22
930	238	14	27	41	26	2	30
931	21	4	32	41	30	2	8
932	80	7	21	41	27	2	9
933	430	23	18	41	23	2	17
934	763	38	23	41	7	2	26
935	87	7	32	41	31	2	29
936	304	17	27	41	24	2	8
937	248	15	9	41	4	2	7
938	578	30	9	41	19	2	11
939	493	26	14	41	4	2	21
940	528	28	0	41	9	2	1
941	103	8	23	41	14	2	8
942	514	27	12	41	8	2	20
943	702	35	30	41	18	2	10
944	306	17	30	41	5	2	17
945	334	19	6	41	26	2	1
946	28	5	9	41	3	2	13
947	177	12	2	41	16	2	5
948	262	15	30	41	12	2	21
949	392	21	27	41	13	2	9
950	577	30	8	41	12	2	18
951	207	13	14	41	4	2	30
952	331	19	2	41	17	2	14
953	458	24	27	41	5	2	29
954	188	12	18	41	1	2	9
955	446	24	9	41	17	2	2
956	167	11	20	41	30	2	4
957	156	11	3	41	7	2	1
958	462	25	0	41	29	2	16
959	378	21	6	41	2	2	7
960	772	39	3	41	17	2	2
961	680	34	30	41	12	2	4
962	635	32	29	41	19	2	25
963	386	21	18	41	23	2	28
964	791	39	32	41	7	2	8
965	2	4	3	41	11	2	28
966	742	37	24	41	30	2	19
967	388	21	21	41	12	2	22
968	667	34	11	41	11	2	12
969	72	7	9	41	6	2	18
970	523	27	26	41	23	2	18
971	531	28	5	41	1	2	6
972	327	18	29	41	29	2	16
973	726	37	0	41	19	2	4
974	454	24	21	41	6	2	17
975	230	14	15	41	15	2	23
976	660	34	0	41	6	2	17
977	349	19	29	41	28	2	7
978	486	26	3	41	1	2	22
979	543	28	23	41	28	2	23
980	754	38	9	41	14	2	23
981	721	36	26	41	14	2	16
982	467	25	8	41	27	2	4
983	731	37	8	41	3	2	24
984	445	24	8	41	28	2	27
985	35	5	20	41	14	2	17
986	665	34	8	41	25	2	5
987	185	12	14	41	2	2	20
988	491	26	11	41	13	2	10
989	654	33	24	41	5	2	29
990	237	14	26	41	13	2	0
991	776	39	9	41	23	2	28
992	779	39	14	41	21	2	19
993	381	21	11	41	13	2	17
994	59	6	23	41	8	2	19
995	651	33	20	41	11	2	16
996	106	8	27	41	2	2	15
997	431	23	20	41	22	2	29
998	771	39	2	41	24	2	6
999	520	27	21	41	24	2	21
1000	710	36	9	41	30	2	16
1001	751	38	5	41	7	2	0
1002	478	25	24	41	20	2	17
1003	663	34	5	41	16	2	5
1004	147	10	23	41	28	2	28
1005	434	23	24	41	31	2	22
1006	628	32	18	41	26	2	22
1007	220	14	0	41	22	2	17
1008	99	8	17	41	28	2	28
1009	408	22	18	41	24	2	13
1010	427	23	14	41	28	2	16
1011	64	6	30	41	5	2	20
1012	322	18	21	41	24	2	26
1013	696	35	21	41	13	2	4
1014	733	37	11	41	24	2	28
1015	100	8	18	41	22	2	1
1016	612	31	27	41	4	2	26
1017	246	15	6	41	16	2	5
1018	418	23	0	41	12	2	24
1019	346	19	24	41	8	2	18
1020	216	13	27	41	4	2	16
1021	36	5	21	41	29	2	28
1022	724	36	30	41	9	2	19
1023	705	36	2	41	5	2	17
1024	335	19	8	41	9	2	11
1025	129	9	29	41	24	2	7
1026	274	16	15	41	25	2	24
1027	65	6	32	41	7	2	20
1028	266	16	3	41	25	2	26
1029	769	38	32	41	2	2	9
1030	460	24	30	41	4	2	20
1031	227	14	11	41	25	2	23
1032	369	20	26	41	26	2	21
1033	729	37	5	41	4	2	25
1034	86	7	30	41	19	2	22
1035	401	22	8	41	25	2	28
1036	30	5	12	41	22	2	21
1037	550	29	0	41	19	2	28
1038	149	10	26	41	19	2	13
1039	260	15	27	41	7	2	9
1040	488	26	6	41	29	2	30
1041	5	4	8	41	10	2	14
1042	138	10	9	41	20	2	28
1043	407	22	17	41	6	2	24
1044	367	20	23	41	9	2	20
1045	375	21	2	41	4	2	30
1046	555	29	8	41	19	2	8
1047	11	4	17	41	2	2	23
1048	592	30	30	41	1	2	0
1049	383	21	14	41	12	2	27
1050	364	20	18	41	13	2	26
1051	328	18	30	41	9	2	21
1052	450	24	15	41	17	2	4
1053	584	30	18	41	23	2	15
1054	618	32	3	41	20	2	20
1055	178	12	3	41	26	2	11
1056	131	9	32	41	16	2	18
1057	767	38	29	41	22	2	20
1058	256	15	21	41	4	2	17
1059	774	39	6	41	24	2	11
1060	42	5	30	41	18	2	12
1061	169	11	23	41	26	2	15
1062	195	12	29	41	24	2	4
1063	27	5	8	41	25	2	0
1064	395	21	32	41	15	2	26
1065	676	34	24	41	20	2	12
1066	709	36	8	41	24	2	5
1067	105	8	26	41	18	2	16
1068	231	14	17	41	4	2	26
1069	23	5	2	41	14	2	12
1070	613	31	29	41	18	2	5
1071	291	17	8	41	27	2	8
1072	39	5	26	41	10	2	7
1073	370	20	27	41	12	2	11
1074	750	38	3	41	6	2	26
1075	233	14	20	41	11	2	9
1076	307	17	32	41	3	2	26
1077	296	17	15	41	30	2	2
1078	352	20	0	41	1	2	17
1079	176	12	0	41	14	2	2
1080	83	7	26	41	6	2	5
1081	122	9	18	41	27	2	16
1082	224	14	6	41	23	2	24
1083	130	9	30	41	26	2	24
1084	223	14	5	41	22	2	4
1085	289	17	5	41	14	2	5
1086	303	17	26	41	6	2	25
1087	501	26	26	41	10	2	18
1088	631	32	23	41	19	2	10
1089	85	7	29	41	25	2	8
1090	420	23	3	41	15	2	2
1091	561	29	17	41	3	2	27
1092	510	27	6	41	7	2	3
1093	250	15	12	41	30	2	3
1094	596	31	3	41	1	2	12
1095	12	4	18	41	10	2	24
1096	132	10	0	41	30	2	16
1097	748	38	0	41	24	2	6
1098	591	30	29	41	23	2	10
1099	19	4	29	41	17	2	2
1100	315	18	11	41	17	2	6
1101	718	36	21	41	9	2	0
1102	602	31	12	41	9	2	27
1103	525	27	29	41	21	2	6
1104	662	34	3	41	5	2	22
1105	384	21	15	41	15	2	17
1106	18	4	27	41	25	2	23
1107	506	27	0	41	10	2	1
1108	626	32	15	41	19	2	21
1109	361	20	14	41	9	2	6
1110	425	23	11	41	31	2	3
1111	664	34	6	41	1	2	27
1112	416	22	30	41	7	2	11
1113	399	22	5	41	2	2	7
1114	473	25	17	41	21	2	3
1115	221	14	2	41	1	2	26
1116	26	5	6	41	5	2	5
1117	512	27	9	41	19	2	3
1118	727	37	2	41	13	2	21
1119	280	16	24	41	31	2	14
1120	562	29	18	41	24	2	8
1121	508	27	3	41	4	2	6
1122	682	35	0	41	8	2	11
1123	436	23	27	41	15	2	15
1124	22	5	0	41	12	2	17
1125	634	32	27	41	4	2	21
1126	305	17	29	41	5	2	22
1127	773	39	5	41	16	2	12
1128	205	13	11	41	10	2	24
1129	29	5	11	41	12	2	15
1130	439	23	32	41	21	2	0
1131	290	17	6	41	15	2	29
1132	90	8	3	41	20	2	7
1133	269	16	8	41	3	2	7
1134	489	26	8	41	21	2	0
1135	627	32	17	41	16	2	9
1136	471	25	14	41	19	2	9
1137	16	4	24	41	31	2	25
1138	208	13	15	41	22	2	5
1139	646	33	12	41	11	2	27
1140	308	18	0	41	5	2	27
1141	271	16	11	41	2	2	27
1142	621	32	8	41	27	2	30
1143	181	12	8	41	14	2	22
1144	502	26	27	41	11	2	23
1145	745	37	29	41	15	2	14
1146	69	7	5	41	27	2	22
1147	494	26	15	41	1	2	25
1148	245	15	5	41	28	2	10
1149	336	19	9	41	28	2	3
1150	743	37	26	41	31	2	25
1151	398	22	3	41	6	2	27
1152	572	30	0	41	26	2	6
1153	20	4	30	41	2	2	11
1154	295	17	14	41	10	2	29
1155	444	24	6	41	3	2	19
1156	44	6	0	41	9	2	21
1157	281	16	26	41	3	2	11
1158	247	15	8	41	9	2	30
1159	764	38	24	41	16	2	23
1160	232	14	18	41	2	2	7
1161	68	7	3	41	29	2	24
1162	124	9	21	41	1	2	8
1163	340	19	15	41	2	2	16
1164	93	8	8	41	23	2	13
1165	222	14	3	41	21	2	15
1166	678	34	27	41	15	2	16
1167	673	34	20	41	28	2	8
1168	353	20	2	41	8	2	14
1169	645	33	11	41	30	2	8
1170	677	34	26	41	26	2	17
1171	554	29	6	41	19	2	28
1172	380	21	9	41	3	2	6
1173	435	23	26	41	30	2	30
1174	419	23	2	41	5	2	8
1175	406	22	15	41	5	2	17
1176	608	31	21	41	5	2	2
1177	120	9	15	41	16	2	19
1178	730	37	6	41	28	2	9
1179	141	10	14	41	24	2	8
1180	354	20	3	41	16	2	9
1181	647	33	14	41	10	2	9
1182	437	23	29	41	18	2	18
1183	524	27	27	41	31	2	15
1184	366	20	21	41	5	2	24
1185	716	36	18	41	30	2	6
1186	148	10	24	41	16	2	25
1187	636	32	30	41	28	2	26
1188	316	18	12	41	16	2	8
1189	693	35	17	41	3	2	19
1190	6	4	9	41	28	2	11
1191	214	13	24	41	25	2	9
1192	350	19	30	41	20	2	26
1193	568	29	27	41	21	2	2
1194	697	35	23	41	27	2	27
1195	770	39	0	41	13	2	5
1196	67	7	2	41	1	2	1
1197	695	35	20	41	16	2	20
1198	479	25	26	41	2	2	5
1199	775	39	8	41	2	2	12
1200	123	9	20	41	4	2	23
1201	513	27	11	41	27	2	5
1202	722	36	27	41	26	2	17
1203	136	10	6	41	10	2	19
1204	474	25	18	41	16	2	26
1205	515	27	14	41	24	2	13
1206	261	15	29	41	26	2	27
1207	38	5	24	41	27	2	9
1208	95	8	11	41	28	2	15
1209	617	32	2	41	2	2	5
1210	91	8	5	41	13	2	28
1211	255	15	20	41	29	2	30
1212	298	17	18	41	30	2	28
1213	461	24	32	41	29	2	3
1214	89	8	2	41	17	2	29
1215	477	25	23	41	4	2	21
1216	240	14	30	41	12	2	20
1217	3	4	5	41	16	2	16
1218	196	12	30	41	22	2	11
1219	736	37	15	41	19	2	27
1220	747	37	32	41	31	2	5
1221	544	28	24	41	30	2	7
1222	347	19	26	41	22	2	3
1223	325	18	26	41	1	2	27
1224	144	10	18	41	26	2	14
1225	146	10	21	41	27	2	19
1226	17	4	26	41	24	2	18
1227	127	9	26	41	20	2	12
1228	376	21	3	41	13	2	13
1229	236	14	24	41	26	2	12
1230	32	5	15	41	8	2	1
1231	92	8	6	41	31	2	27
1232	603	31	14	41	10	2	4
1233	686	35	6	41	6	2	25
1234	70	7	6	41	1	2	21
1235	553	29	5	41	14	2	9
1236	259	15	26	41	14	2	22
1237	165	11	17	41	28	2	17
1238	542	28	21	41	26	2	7
1239	788	39	27	41	11	2	18
1240	481	25	29	41	23	2	10
1241	275	16	17	41	7	2	7
1242	683	35	2	41	21	2	4
1243	424	23	9	41	18	2	1
1244	333	19	5	41	5	2	29
1245	570	29	30	41	7	2	8
1246	355	20	5	41	22	2	14
1247	433	23	23	41	17	2	8
1248	94	8	9	41	30	2	11
1249	781	39	17	41	4	2	19
1250	456	24	24	41	19	2	22
1251	293	17	11	41	8	2	7
1252	492	26	12	41	23	2	30
1253	45	6	2	41	13	2	19
1254	469	25	11	41	4	2	21
1255	125	9	23	41	18	2	28
1256	186	12	15	41	24	2	10
1257	359	20	11	41	12	2	27
1258	387	21	20	41	23	2	11
1259	390	21	24	41	23	2	8
1260	741	37	23	41	1	2	7
1261	449	24	14	41	3	2	28
1262	414	22	27	41	10	2	17
1263	583	30	17	41	22	2	22
1264	163	11	14	41	16	2	12
1265	270	16	9	41	20	2	14
1266	225	14	8	41	4	2	26
1267	301	17	23	41	24	2	1
1268	737	37	17	41	28	2	8
1269	616	32	0	41	18	2	9
1270	595	31	2	41	10	2	16
1271	452	24	18	41	10	2	8
1272	239	14	29	41	31	2	0
1273	464	25	3	41	2	2	24
1274	228	14	12	41	9	2	17
1275	753	38	8	41	19	2	17
1276	283	16	29	41	25	2	24
1277	622	32	9	41	9	2	6
1278	777	39	11	41	4	2	16
1279	107	8	29	41	28	2	8
1280	417	22	32	41	22	2	9
1281	548	28	30	41	30	2	27
1282	685	35	5	41	18	2	7
1283	343	19	20	41	5	2	4
1284	650	33	18	41	24	2	7
1285	509	27	5	41	31	2	9
1286	463	25	2	41	17	2	3
1287	263	15	32	41	10	2	16
1288	287	17	2	41	1	2	21
1289	37	5	23	41	1	2	0
1290	669	34	14	41	21	2	15
1291	516	27	15	41	9	2	1
1292	179	12	5	41	9	2	21
1293	495	26	17	41	18	2	15
1294	313	18	8	41	9	2	28
1295	704	36	0	41	6	2	22
1296	604	31	15	41	23	2	13
1297	175	11	32	41	25	2	18
1298	659	33	32	41	16	2	5
1299	712	36	12	41	26	2	9
1300	672	34	18	41	28	2	1
1301	687	35	8	41	13	2	13
1302	286	17	0	41	25	2	26
1303	761	38	20	41	12	2	22
1304	234	14	21	41	30	2	5
1305	706	36	3	41	1	2	21
1306	82	7	24	41	12	2	24
1307	379	21	8	41	23	2	18
1308	620	32	6	41	8	2	3
1309	60	6	24	41	17	2	2
1310	98	8	15	41	13	2	6
1311	41	5	29	41	27	2	25
1312	206	13	12	41	22	2	19
1313	294	17	12	41	17	2	27
1314	197	12	32	41	4	2	28
1315	7	4	11	41	16	2	6
1316	605	31	17	41	12	2	26
1317	360	20	12	41	18	2	8
1318	586	30	21	41	28	2	24
1319	762	38	21	41	28	2	21
1320	609	31	23	41	14	2	6
1321	582	30	15	41	2	2	1
1322	116	9	9	41	29	2	15
1323	319	18	17	41	23	2	28
1324	140	10	12	41	11	2	15
1325	211	13	20	41	27	2	3
1326	585	30	20	41	12	2	14
1327	658	33	30	41	7	2	9
1328	485	26	2	41	4	2	30
1329	166	11	18	41	30	2	27
1330	192	12	24	41	20	2	23
1331	732	37	9	41	22	2	2
1332	282	16	27	41	23	2	18
1333	744	37	27	41	12	2	22
1334	311	18	5	41	24	2	15
1335	162	11	12	41	13	2	15
1336	78	7	18	41	19	2	6
1337	337	19	11	41	22	2	25
1338	787	39	26	41	29	2	13
1339	443	24	5	41	27	2	17
1340	40	5	27	41	2	2	4
1341	212	13	21	41	5	2	10
1342	598	31	6	41	5	2	28
1343	422	23	6	41	22	2	20
1344	157	11	5	41	22	2	20
1345	518	27	18	41	1	2	5
1346	403	22	11	41	10	2	18
1347	632	32	24	41	13	2	19
1348	576	30	6	41	19	2	7
1349	639	33	2	41	18	2	15
1350	118	9	12	41	6	2	23
1351	757	38	14	41	1	2	6
1352	265	16	2	41	26	2	5
1353	394	21	30	41	25	2	2
1354	66	7	0	41	1	2	18
1355	593	30	32	41	15	2	27
1356	110	9	0	41	17	2	25
1357	438	23	30	41	7	2	30
1358	31	5	14	41	11	2	1
1359	385	21	17	41	15	2	25
1360	580	30	12	41	20	2	13
1361	487	26	5	41	3	2	16
1362	194	12	27	41	30	2	27
1363	599	31	8	41	30	2	8
1364	681	34	32	41	1	2	21
1365	172	11	27	41	2	2	17
1366	411	22	23	41	31	2	25
1367	429	23	17	41	4	2	12
1368	374	21	0	41	30	2	25
1369	760	38	18	41	19	2	0
1370	324	18	24	41	6	2	13
1371	318	18	15	41	18	2	8
1372	679	34	29	41	13	2	11
1373	155	11	2	41	13	2	7
1374	182	12	9	41	5	2	4
1375	241	14	32	41	31	2	30
1376	470	25	12	41	2	2	13
1377	623	32	11	41	5	2	3
1378	332	19	3	41	6	2	18
1379	190	12	21	41	28	2	2
1380	614	31	30	41	8	2	16
1381	629	32	20	41	30	2	27
1382	264	16	0	41	5	2	21
1383	619	32	5	41	19	2	6
1384	500	26	24	41	2	2	12
1385	728	37	3	41	13	2	30
1386	33	5	17	41	26	2	8
1387	652	33	21	41	31	2	2
1388	768	38	30	41	10	2	8
1389	134	10	3	41	16	2	29
1390	590	30	27	41	6	2	19
1391	312	18	6	41	8	2	20
1392	203	13	8	41	27	2	12
1393	557	29	11	41	24	2	5
1394	273	16	14	41	23	2	4
1395	362	20	15	41	18	2	6
1396	740	37	21	41	16	2	25
1397	511	27	8	41	12	2	28
1398	707	36	5	41	24	2	19
1399	739	37	20	41	17	2	3
1400	504	26	30	41	2	2	21
1401	310	18	3	41	30	2	16
1402	174	11	30	41	15	2	22
1403	112	9	3	41	5	2	27
1404	522	27	24	41	4	2	3
1405	389	21	23	41	19	2	2
1406	625	32	14	41	13	2	18
1407	708	36	6	41	6	2	9
1408	587	30	23	41	10	2	20
1409	200	13	3	41	22	2	22
1410	517	27	17	41	24	2	11
1411	538	28	15	41	4	2	20
1412	698	35	24	41	27	2	9
1413	209	13	17	41	17	2	19
1414	57	6	20	41	11	2	21
1415	9	4	14	41	21	2	12
1416	482	25	30	41	27	2	14
1417	610	31	24	41	18	2	17
1418	694	35	18	41	29	2	23
1419	447	24	11	41	26	2	4
1420	409	22	20	41	29	2	26
1421	13	4	20	41	27	2	7
1422	88	8	0	41	20	2	7
1423	441	24	2	41	6	2	26
1424	213	13	23	41	3	2	19
1425	700	35	27	41	4	2	15
1426	198	13	0	41	2	2	5
1427	567	29	26	41	8	2	3
1428	533	28	8	41	26	2	1
1429	15	4	23	41	16	2	17
1430	475	25	20	41	15	2	17
1431	46	6	3	41	2	2	11
1432	692	35	15	41	18	2	13
1433	601	31	11	41	23	2	7
1434	226	14	9	41	7	2	5
1435	630	32	21	41	29	2	21
1436	759	38	17	41	14	2	0
1437	453	24	20	41	1	2	6
1438	455	24	23	41	12	2	11
1439	53	6	14	41	31	2	4
1440	606	31	18	41	8	2	0
1441	133	10	2	41	23	2	15
1442	404	22	12	41	6	2	7
1443	691	35	14	41	4	2	30
1444	701	35	29	41	10	2	12
1445	558	29	12	41	4	2	19
1446	48	6	6	41	6	2	26
1447	689	35	11	41	11	2	11
1448	187	12	17	41	26	2	23
1449	180	12	6	41	16	2	5
1450	656	33	27	41	13	2	12
1451	339	19	14	41	22	2	9
1452	43	5	32	41	12	2	18
1453	96	8	12	41	21	2	7
1454	171	11	26	41	2	2	25
1455	363	20	17	41	24	2	11
1456	8	4	12	41	10	2	14
1457	204	13	9	41	1	2	24
1458	432	23	21	41	20	2	7
1459	75	7	14	41	30	2	10
1460	615	31	32	41	7	2	27
1461	688	35	9	41	12	2	1
1462	442	24	3	41	8	2	26
1463	121	9	17	41	10	2	12
1464	257	15	23	41	12	2	27
1465	71	7	8	41	19	2	11
1466	55	6	17	41	30	2	27
1467	73	7	11	41	28	2	16
1468	400	22	6	41	6	2	25
1469	749	38	2	41	18	2	5
1470	564	29	21	41	25	2	7
1471	219	13	32	41	2	2	30
1472	720	36	24	41	1	2	22
1473	137	10	8	41	20	2	8
1474	254	15	18	41	27	2	29
1475	611	31	26	41	11	2	9
1476	348	19	27	41	14	2	4
1477	341	19	17	41	12	2	1
1478	703	35	32	41	2	2	18
1479	413	22	26	41	11	2	23
1480	242	15	0	41	30	2	8
1481	56	6	18	41	19	2	21
1482	158	11	6	41	29	2	30
1483	782	39	18	41	25	2	24
1484	565	29	23	41	14	2	9
1485	765	38	26	41	30	2	20
1486	641	33	5	41	18	2	9
1487	309	18	2	41	17	2	27
1488	597	31	5	41	28	2	20
1489	468	25	9	41	17	2	8
1490	391	21	26	41	19	2	20
1491	357	20	8	41	30	2	18
1492	790	39	30	41	10	2	15
1493	170	11	24	41	30	2	4
1494	547	28	29	41	20	2	20
1495	253	15	17	41	20	2	14
1496	723	36	29	41	12	2	0
1497	783	39	20	41	1	2	15
1498	785	39	23	41	13	2	24
1499	526	27	30	41	10	2	30
1500	649	33	17	41	22	2	10
1501	451	24	17	41	5	2	7
1502	128	9	27	41	22	2	14
1503	670	34	15	41	20	2	26
1504	365	20	20	41	13	2	2
1505	644	33	9	41	3	2	30
1506	579	30	11	41	22	2	5
1507	217	13	29	41	26	2	24
1508	215	13	26	41	23	2	29
1509	499	26	23	41	17	2	10
1510	34	5	18	41	14	2	26
1511	713	36	14	41	25	2	23
1512	661	34	2	41	27	2	16
1513	54	6	15	41	9	2	5
1514	292	17	9	41	9	2	0
1515	251	15	14	41	12	2	20
1516	480	25	27	41	16	2	22
1517	440	24	0	41	31	2	27
1518	735	37	14	41	15	2	27
1519	161	11	11	41	7	2	7
1520	279	16	23	41	12	2	18
1521	97	8	14	41	16	2	23
1522	755	38	11	41	9	2	3
1523	329	18	32	41	25	2	21
1524	117	9	11	41	15	2	3
1525	780	39	15	41	31	2	21
1526	532	28	6	41	31	2	1
1527	229	14	14	41	19	2	7
1528	497	26	20	41	1	2	10
1529	193	12	26	41	26	2	14
1530	465	25	5	41	11	2	10
1531	537	28	14	41	9	2	19
1532	711	36	11	41	29	2	11
1533	457	24	26	41	31	2	29
1534	527	27	32	41	29	2	4
1535	81	7	23	41	11	2	13
1536	154	11	0	41	24	2	15
1537	25	5	5	41	4	2	14
1538	521	27	23	41	24	2	11
1539	536	28	12	41	24	2	16
1540	143	10	17	41	13	2	30
1541	300	17	21	41	8	2	29
1542	302	17	24	41	28	2	17
1543	640	33	3	41	12	2	24
1544	244	15	3	41	6	2	22
1545	423	23	8	41	30	2	16
1546	243	15	2	41	4	2	11
1547	61	6	26	41	10	2	0
1548	49	6	8	41	25	2	12
1549	496	26	18	41	21	2	1
1550	637	32	32	41	15	2	16
1551	575	30	5	41	9	2	13
1552	466	25	6	41	28	2	22
1553	594	31	0	41	26	2	2
1554	778	39	12	41	13	2	15
1555	235	14	23	41	26	2	10
1556	58	6	21	41	3	2	2
1557	77	7	17	41	29	2	18
1558	47	6	5	41	18	2	3
1559	377	21	5	41	10	2	25
1560	410	22	21	41	23	2	21
1561	519	27	20	41	6	2	23
1562	734	37	12	41	23	2	25
1563	159	11	8	41	27	2	12
1564	690	35	12	41	2	2	8
1565	684	35	3	41	14	2	11
1566	674	34	21	41	28	2	21
1567	505	26	32	41	16	2	14
1568	345	19	23	41	1	2	10
1569	285	16	32	41	1	2	3
1570	173	11	29	41	4	2	29
1571	534	28	9	41	22	2	7
1572	145	10	20	41	4	2	24
1573	119	9	14	41	11	2	14
1574	371	20	29	41	11	2	27
1575	600	31	9	41	26	2	16
1576	699	35	26	41	11	2	10
1577	725	36	32	41	11	2	12
1578	624	32	12	41	16	2	8
1579	476	25	21	41	1	2	21
1580	638	33	0	41	16	2	26
1581	330	19	0	41	21	2	12
1582	139	10	11	41	13	2	6
1583	191	12	23	41	11	2	3
1584	344	19	21	41	21	2	21
1585	410	22	21	41	29	2	21
1586	447	24	11	41	3	2	4
1587	314	18	9	41	19	2	16
1588	293	17	11	41	28	2	30
1589	135	10	5	41	11	2	12
1590	526	27	30	41	8	2	24
1591	402	22	9	41	29	2	19
1592	387	21	20	41	19	2	20
1593	58	6	21	41	4	2	27
1594	448	24	12	41	31	2	21
1595	228	14	12	41	17	2	5
1596	459	24	29	41	3	2	16
1597	568	29	27	41	6	2	15
1598	312	18	6	41	10	2	9
1599	136	10	6	41	22	2	1
1600	209	13	17	41	19	2	10
1601	751	38	5	41	1	2	21
1602	361	20	14	41	15	2	18
1603	627	32	17	41	7	2	28
1604	600	31	9	41	20	2	17
1605	166	11	18	41	1	2	26
1606	338	19	12	41	18	2	14
1607	49	6	8	41	7	2	18
1608	155	11	2	41	2	2	9
1609	371	20	29	41	17	2	0
1610	537	28	14	41	7	2	0
1611	434	23	24	41	12	2	23
1612	357	20	8	41	31	2	15
1613	78	7	18	41	19	2	23
1614	349	19	29	41	16	2	1
1615	304	17	27	41	1	2	9
1616	673	34	20	41	8	2	7
1617	296	17	15	41	28	2	29
1618	414	22	27	41	22	2	28
1619	400	22	6	41	5	2	28
1620	602	31	12	41	22	2	6
1621	701	35	29	41	21	2	5
1622	108	8	30	41	17	2	29
1623	494	26	15	41	10	2	26
1624	64	6	30	41	9	2	20
1625	43	5	32	41	30	2	9
1626	703	35	32	41	16	2	4
1627	412	22	24	41	12	2	9
1628	458	24	27	41	24	2	4
1629	127	9	26	41	26	2	26
1630	590	30	27	41	5	2	21
1631	333	19	5	41	12	2	13
1632	165	11	17	41	17	2	25
1633	119	9	14	41	9	2	30
1634	341	19	17	41	19	2	2
1635	749	38	2	41	11	2	5
1636	385	21	17	41	24	2	15
1637	379	21	8	41	10	2	7
1638	622	32	9	41	10	2	5
1639	1	4	2	41	20	2	21
1640	698	35	24	41	22	2	10
1641	574	30	3	41	3	2	26
1642	182	12	9	41	25	2	3
1643	518	27	18	41	29	2	29
1644	465	25	5	41	30	2	16
1645	469	25	11	41	1	2	30
1646	775	39	8	41	12	2	13
1647	649	33	17	41	15	2	11
1648	328	18	30	41	20	2	6
1649	161	11	11	41	11	2	2
1650	130	9	30	41	30	2	14
1651	536	28	12	41	15	2	13
1652	552	29	3	41	8	2	17
1653	180	12	6	41	9	2	24
1654	750	38	3	41	3	2	27
1655	433	23	23	41	14	2	11
1656	683	35	2	41	4	2	8
1657	516	27	15	41	7	2	9
1658	93	8	8	41	29	2	26
1659	435	23	26	41	2	2	23
1660	213	13	23	41	4	2	29
1661	607	31	20	41	16	2	17
1662	80	7	21	41	20	2	2
1663	202	13	6	41	4	2	28
1664	254	15	18	41	26	2	22
1665	702	35	30	41	15	2	16
1666	265	16	2	41	8	2	1
1667	89	8	2	41	3	2	25
1668	261	15	29	41	14	2	14
1669	688	35	9	41	6	2	21
1670	642	33	6	41	25	2	1
1671	592	30	30	41	4	2	13
1672	294	17	12	41	17	2	13
1673	369	20	26	41	22	2	7
1674	335	19	8	41	26	2	21
1675	118	9	12	41	2	2	13
1676	224	14	6	41	30	2	2
1677	297	17	17	41	9	2	17
1678	727	37	2	41	20	2	3
1679	281	16	26	41	6	2	1
1680	638	33	0	41	14	2	12
1681	167	11	20	41	8	2	14
1682	162	11	12	41	12	2	18
1683	645	33	11	41	26	2	28
1684	623	32	11	41	21	2	5
1685	134	10	3	41	3	2	14
1686	462	25	0	41	1	2	3
1687	25	5	5	41	1	2	29
1688	752	38	6	41	8	2	18
1689	38	5	24	41	24	2	6
1690	113	9	5	41	13	2	19
1691	104	8	24	41	29	2	9
1692	525	27	29	41	3	2	20
1693	163	11	14	41	7	2	15
1694	36	5	21	41	31	2	11
1695	323	18	23	41	26	2	20
1696	418	23	0	41	23	2	9
1697	759	38	17	41	5	2	23
1698	713	36	14	41	19	2	30
1699	564	29	21	41	5	2	23
1700	132	10	0	41	1	2	22
1701	391	21	26	41	5	2	2
1702	783	39	20	41	8	2	0
1703	471	25	14	41	5	2	23
1704	654	33	24	41	7	2	15
1705	326	18	27	41	27	2	28
1706	289	17	5	41	16	2	4
1707	677	34	26	41	20	2	10
1708	299	17	20	41	23	2	30
1709	407	22	17	41	2	2	26
1710	791	39	32	41	29	2	2
1711	404	22	12	41	13	2	1
1712	485	26	2	41	18	2	25
1713	730	37	6	41	2	2	20
1714	101	8	20	41	26	2	10
1715	765	38	26	41	11	2	19
1716	363	20	17	41	3	2	30
1717	270	16	9	41	12	2	16
1718	445	24	8	41	5	2	24
1719	356	20	6	41	28	2	22
1720	489	26	8	41	26	2	25
1721	48	6	6	41	12	2	15
1722	743	37	26	41	7	2	2
1723	107	8	29	41	6	2	6
1724	425	23	11	41	25	2	20
1725	735	37	14	41	21	2	29
1726	60	6	24	41	27	2	26
1727	675	34	23	41	13	2	17
1728	365	20	20	41	31	2	0
1729	84	7	27	41	2	2	17
1730	377	21	5	41	23	2	20
1731	384	21	15	41	15	2	2
1732	498	26	21	41	28	2	8
1733	507	27	2	41	15	2	14
1734	200	13	3	41	12	2	12
1735	446	24	9	41	15	2	16
1736	529	28	2	41	1	2	26
1737	16	4	24	41	13	2	14
1738	756	38	12	41	12	2	17
1739	115	9	8	41	10	2	24
1740	665	34	8	41	22	2	4
1741	133	10	2	41	23	2	17
1742	685	35	5	41	12	2	5
1743	14	4	21	41	7	2	8
1744	190	12	21	41	8	2	15
1745	59	6	23	41	18	2	1
1746	376	21	3	41	21	2	27
1747	531	28	5	41	12	2	14
1748	22	5	0	41	8	2	27
1749	243	15	2	41	16	2	9
1750	362	20	15	41	11	2	21
1751	616	32	0	41	5	2	18
1752	62	6	27	41	31	2	28
1753	604	31	15	41	8	2	21
1754	502	26	27	41	4	2	24
1755	236	14	24	41	25	2	15
1756	283	16	29	41	10	2	8
1757	158	11	6	41	16	2	18
1758	154	11	0	41	16	2	13
1759	557	29	11	41	30	2	14
1760	192	12	24	41	11	2	22
1761	632	32	24	41	21	2	20
1762	313	18	8	41	8	2	3
1763	121	9	17	41	9	2	11
1764	644	33	9	41	2	2	17
1765	538	28	15	41	29	2	1
1766	629	32	20	41	22	2	1
1767	51	6	11	41	3	2	17
1768	275	16	17	41	3	2	0
1769	684	35	3	41	15	2	8
1770	343	19	20	41	11	2	25
1771	149	10	26	41	22	2	4
1772	779	39	14	41	10	2	10
1773	463	25	2	41	2	2	23
1774	558	29	12	41	16	2	1
1775	285	16	32	41	6	2	0
1776	188	12	18	41	9	2	8
1777	729	37	5	41	7	2	26
1778	156	11	3	41	19	2	6
1779	255	15	20	41	8	2	27
1780	274	16	15	41	20	2	6
1781	172	11	27	41	16	2	30
1782	618	32	3	41	4	2	0
1783	46	6	3	41	25	2	16
1784	197	12	32	41	3	2	30
1785	90	8	3	41	28	2	6
1786	40	5	27	41	28	2	1
1787	493	26	14	41	3	2	23
1788	117	9	11	41	25	2	17
1789	168	11	21	41	26	2	6
1790	112	9	3	41	10	2	25
1791	69	7	5	41	15	2	26
1792	298	17	18	41	9	2	16
1793	131	9	32	41	14	2	18
1794	579	30	11	41	20	2	23
1795	672	34	18	41	4	2	13
1796	218	13	30	41	23	2	23
1797	235	14	23	41	7	2	29
1798	269	16	8	41	21	2	15
1799	260	15	27	41	28	2	15
1800	585	30	20	41	12	2	24
1801	582	30	15	41	26	2	11
1802	737	37	17	41	10	2	23
1803	711	36	11	41	19	2	17
1804	484	26	0	41	9	2	28
1805	226	14	9	41	28	2	22
1806	50	6	9	41	12	2	15
1807	233	14	20	41	5	2	22
1808	621	32	8	41	23	2	18
1809	8	4	12	41	9	2	22
1810	505	26	32	41	29	2	16
1811	203	13	8	41	11	2	13
1812	278	16	21	41	15	2	10
1813	439	23	32	41	15	2	30
1814	245	15	5	41	16	2	17
1815	546	28	27	41	25	2	3
1816	696	35	21	41	10	2	3
1817	183	12	11	41	17	2	27
1818	310	18	3	41	3	2	0
1819	141	10	14	41	14	2	25
1820	569	29	29	41	19	2	25
1821	678	34	27	41	10	2	4
1822	466	25	6	41	8	2	11
1823	591	30	29	41	1	2	16
1824	244	15	3	41	25	2	11
1825	306	17	30	41	4	2	29
1826	307	17	32	41	24	2	12
1827	70	7	6	41	3	2	24
1828	77	7	17	41	10	2	1
1829	499	26	23	41	23	2	29
1830	486	26	3	41	2	2	2
1831	253	15	17	41	19	2	21
1832	194	12	27	41	20	2	1
1833	740	37	21	41	5	2	20
1834	28	5	9	41	3	2	22
1835	55	6	17	41	16	2	26
1836	451	24	17	41	20	2	19
1837	212	13	21	41	19	2	5
1838	788	39	27	41	23	2	0
1839	719	36	23	41	17	2	8
1840	9	4	14	41	9	2	21
1841	694	35	18	41	21	2	8
1842	634	32	27	41	6	2	26
1843	745	37	29	41	7	2	19
1844	2	4	3	41	14	2	24
1845	61	6	26	41	29	2	18
1846	731	37	8	41	25	2	3
1847	83	7	26	41	26	2	25
1848	319	18	17	41	4	2	24
1849	497	26	20	41	7	2	24
1850	598	31	6	41	1	2	25
1851	478	25	24	41	3	2	17
1852	106	8	27	41	19	2	23
1853	772	39	3	41	4	2	8
1854	453	24	20	41	21	2	18
1855	76	7	15	41	21	2	23
1856	532	28	6	41	29	2	26
1857	576	30	6	41	27	2	30
1858	637	32	32	41	9	2	22
1859	204	13	9	41	31	2	8
1860	406	22	15	41	5	2	2
1861	769	38	32	41	10	2	14
1862	657	33	29	41	1	2	11
1863	787	39	26	41	6	2	18
1864	444	24	6	41	17	2	13
1865	316	18	12	41	6	2	10
1866	280	16	24	41	27	2	18
1867	5	4	8	41	14	2	1
1868	584	30	18	41	21	2	21
1869	488	26	6	41	8	2	20
1870	580	30	12	41	29	2	8
1871	490	26	9	41	6	2	29
1872	510	27	6	41	13	2	24
1873	264	16	0	41	11	2	5
1874	67	7	2	41	25	2	2
1875	249	15	11	41	17	2	27
1876	211	13	20	41	3	2	4
1877	290	17	6	41	31	2	20
1878	475	25	20	41	17	2	30
1879	544	28	24	41	26	2	1
1880	514	27	12	41	2	2	5
1881	309	18	2	41	9	2	4
1882	524	27	27	41	6	2	21
1883	706	36	3	41	31	2	15
1884	367	20	23	41	25	2	14
1885	114	9	6	41	24	2	13
1886	354	20	3	41	20	2	9
1887	373	20	32	41	24	2	28
1888	784	39	21	41	29	2	3
1889	699	35	26	41	31	2	8
1890	23	5	2	41	28	2	13
1891	509	27	5	41	23	2	4
1892	415	22	29	41	3	2	26
1893	342	19	18	41	21	2	16
1894	753	38	8	41	28	2	18
1895	610	31	24	41	16	2	30
1896	776	39	9	41	19	2	25
1897	225	14	8	41	2	2	0
1898	483	25	32	41	24	2	8
1899	208	13	15	41	12	2	22
1900	492	26	12	41	2	2	20
1901	777	39	11	41	14	2	28
1902	116	9	9	41	12	2	16
1903	763	38	23	41	11	2	28
1904	596	31	3	41	3	2	18
1905	599	31	8	41	19	2	20
1906	431	23	20	41	18	2	6
1907	86	7	30	41	26	2	27
1908	288	17	3	41	28	2	0
1909	282	16	27	41	17	2	10
1910	403	22	11	41	13	2	29
1911	364	20	18	41	2	2	7
1912	630	32	21	41	18	2	23
1913	63	6	29	41	27	2	11
1914	764	38	24	41	24	2	10
1915	318	18	15	41	23	2	26
1916	301	17	23	41	12	2	23
1917	409	22	20	41	26	2	0
1918	332	19	3	41	13	2	4
1919	681	34	32	41	9	2	14
1920	767	38	29	41	22	2	20
1921	482	25	30	41	15	2	28
1922	71	7	8	41	5	2	15
1923	378	21	6	41	7	2	19
1924	761	38	20	41	2	2	9
1925	438	23	30	41	12	2	1
1926	386	21	18	41	26	2	18
1927	522	27	24	41	19	2	22
1928	786	39	24	41	20	2	25
1929	360	20	12	41	18	2	23
1930	210	13	18	41	7	2	17
1931	530	28	3	41	12	2	3
1932	19	4	29	41	15	2	14
1933	423	23	8	41	22	2	17
1934	66	7	0	41	20	2	27
1935	279	16	23	41	4	2	14
1936	660	34	0	41	18	2	7
1937	383	21	14	41	6	2	24
1938	327	18	29	41	26	2	27
1939	56	6	18	41	2	2	18
1940	405	22	14	41	7	2	30
1941	454	24	21	41	9	2	6
1942	72	7	9	41	19	2	13
1943	321	18	20	41	16	2	24
1944	126	9	24	41	17	2	21
1945	468	25	9	41	19	2	23
1946	550	29	0	41	26	2	28
1947	506	27	0	41	5	2	8
1948	239	14	29	41	12	2	20
1949	709	36	8	41	14	2	16
1950	534	28	9	41	27	2	19
1951	358	20	9	41	16	2	11
1952	553	29	5	41	1	2	20
1953	733	37	11	41	8	2	3
1954	250	15	12	41	2	2	6
1955	457	24	26	41	23	2	25
1956	641	33	5	41	11	2	14
1957	247	15	8	41	24	2	12
1958	284	16	30	41	19	2	23
1959	45	6	2	41	7	2	15
1960	13	4	20	41	28	2	12
1961	650	33	18	41	24	2	7
1962	380	21	9	41	21	2	29
1963	676	34	24	41	18	2	9
1964	755	38	11	41	29	2	15
1965	390	21	24	41	4	2	3
1966	556	29	9	41	13	2	14
1967	565	29	23	41	5	2	15
1968	223	14	5	41	29	2	11
1969	695	35	20	41	19	2	27
1970	129	9	29	41	5	2	3
1971	662	34	3	41	20	2	9
1972	352	20	0	41	4	2	7
1973	346	19	24	41	29	2	10
1974	164	11	15	41	29	2	21
1975	635	32	29	41	10	2	26
1976	389	21	23	41	18	2	15
1977	647	33	14	41	4	2	2
1978	495	26	17	41	1	2	0
1979	771	39	2	41	28	2	22
1980	331	19	2	41	17	2	17
1981	739	37	20	41	24	2	1
1982	103	8	23	41	11	2	25
1983	88	8	0	41	16	2	2
1984	3	4	5	41	23	2	4
1985	92	8	6	41	23	2	3
1986	549	28	32	41	31	2	10
1987	374	21	0	41	4	2	15
1988	533	28	8	41	22	2	5
1989	138	10	9	41	16	2	30
1990	169	11	23	41	15	2	20
1991	470	25	12	41	31	2	26
1992	667	34	11	41	17	2	8
1993	102	8	21	41	20	2	1
1994	242	15	0	41	15	2	26
1995	487	26	5	41	29	2	10
1996	636	32	30	41	19	2	24
1997	500	26	24	41	5	2	21
1998	339	19	14	41	8	2	29
1999	395	21	32	41	27	2	8
2000	583	30	17	41	5	2	28
2001	609	31	23	41	20	2	2
2002	257	15	23	41	2	2	20
2003	760	38	18	41	6	2	5
2004	231	14	17	41	2	2	6
2005	37	5	23	41	7	2	28
2006	422	23	6	41	4	2	20
2007	221	14	2	41	15	2	30
2008	704	36	0	41	13	2	5
2009	674	34	21	41	14	2	2
2010	82	7	24	41	30	2	2
2011	504	26	30	41	10	2	25
2012	100	8	18	41	9	2	1
2013	513	27	11	41	17	2	4
2014	27	5	8	41	21	2	27
2015	528	28	0	41	11	2	25
2016	628	32	18	41	12	2	30
2017	267	16	5	41	10	2	16
2018	551	29	2	41	15	2	8
2019	420	23	3	41	22	2	6
2020	726	37	0	41	24	2	16
2021	693	35	17	41	2	2	14
2022	94	8	9	41	3	2	20
2023	201	13	5	41	27	2	12
2024	173	11	29	41	22	2	5
2025	432	23	21	41	8	2	27
2026	359	20	11	41	26	2	25
2027	539	28	17	41	26	2	20
2028	421	23	5	41	3	2	29
2029	624	32	12	41	27	2	20
2030	768	38	30	41	30	2	13
2031	408	22	18	41	5	2	9
2032	186	12	15	41	2	2	29
2033	128	9	27	41	9	2	30
2034	720	36	24	41	23	2	15
2035	26	5	6	41	26	2	9
2036	317	18	14	41	21	2	17
2037	329	18	32	41	4	2	22
2038	503	26	29	41	27	2	15
2039	191	12	23	41	11	2	21
2040	79	7	20	41	31	2	29
2041	443	24	5	41	9	2	12
2042	774	39	6	41	16	2	30
2043	178	12	3	41	6	2	12
2044	429	23	17	41	2	2	3
2045	561	29	17	41	24	2	9
2046	789	39	29	41	20	2	3
2047	692	35	15	41	5	2	13
2048	520	27	21	41	16	2	1
2049	411	22	23	41	23	2	21
2050	286	17	0	41	6	2	11
2051	330	19	0	41	9	2	25
2052	4	4	6	41	5	2	27
2053	570	29	30	41	17	2	9
2054	41	5	29	41	31	2	5
2055	147	10	23	41	12	2	2
2056	668	34	12	41	31	2	12
2057	575	30	5	41	7	2	11
2058	714	36	15	41	23	2	3
2059	75	7	14	41	16	2	20
2060	124	9	21	41	6	2	15
2061	110	9	0	41	16	2	25
2062	441	24	2	41	2	2	26
2063	252	15	15	41	29	2	7
2064	259	15	26	41	29	2	23
2065	707	36	5	41	7	2	25
2066	146	10	21	41	16	2	7
2067	663	34	5	41	29	2	18
2068	479	25	26	41	30	2	30
2069	595	31	2	41	22	2	14
2070	295	17	14	41	15	2	13
2071	300	17	21	41	23	2	19
2072	587	30	23	41	10	2	24
2073	481	25	29	41	16	2	28
2074	96	8	12	41	2	2	24
2075	559	29	14	41	21	2	24
2076	572	30	0	41	7	2	2
2077	207	13	14	41	27	2	16
2078	548	28	30	41	8	2	0
2079	617	32	2	41	30	2	18
2080	472	25	15	41	14	2	18
2081	237	14	26	41	17	2	13
2082	790	39	30	41	1	2	26
2083	671	34	17	41	22	2	24
2084	11	4	17	41	31	2	28
2085	738	37	18	41	15	2	18
2086	467	25	8	41	4	2	9
2087	74	7	12	41	11	2	5
2088	757	38	14	41	17	2	28
2089	248	15	9	41	12	2	23
2090	109	8	32	41	4	2	6
2091	392	21	27	41	10	2	24
2092	460	24	30	41	30	2	14
2093	21	4	32	41	22	2	23
2094	651	33	20	41	26	2	29
2095	442	24	3	41	16	2	12
2096	29	5	11	41	8	2	28
2097	601	31	11	41	19	2	15
2098	241	14	32	41	1	2	17
2099	251	15	14	41	24	2	21
2100	659	33	32	41	30	2	9
2101	24	5	3	41	29	2	28
2102	381	21	11	41	8	2	10
2103	588	30	24	41	13	2	3
2104	398	22	3	41	15	2	29
2105	581	30	14	41	14	2	27
2106	669	34	14	41	17	2	12
2107	653	33	23	41	12	2	18
2108	315	18	11	41	20	2	7
2109	461	24	32	41	6	2	13
2110	120	9	15	41	28	2	4
2111	611	31	26	41	14	2	20
2112	477	25	23	41	9	2	24
2113	347	19	26	41	26	2	27
2114	496	26	18	41	1	2	20
2115	220	14	0	41	5	2	30
2116	394	21	30	41	11	2	26
2117	240	14	30	41	1	2	30
2118	785	39	23	41	14	2	17
2119	256	15	21	41	7	2	21
2120	715	36	17	41	4	2	22
2121	643	33	8	41	9	2	6
2122	39	5	26	41	20	2	20
2123	215	13	26	41	13	2	6
2124	324	18	24	41	7	2	26
2125	428	23	15	41	27	2	1
2126	87	7	32	41	8	2	10
2127	35	5	20	41	22	2	14
2128	456	24	24	41	31	2	3
2129	626	32	15	41	31	2	3
2130	603	31	14	41	19	2	9
2131	7	4	11	41	25	2	7
2132	396	22	0	41	30	2	24
2133	724	36	30	41	1	2	16
2134	222	14	3	41	8	2	4
2135	700	35	27	41	2	2	17
2136	424	23	9	41	28	2	29
2137	322	18	21	41	28	2	2
2138	401	22	8	41	18	2	13
2139	206	13	12	41	15	2	5
2140	351	19	32	41	29	2	23
2141	679	34	29	41	22	2	23
2142	413	22	26	41	23	2	9
2143	615	31	32	41	8	2	16
2144	690	35	12	41	10	2	11
2145	350	19	30	41	22	2	4
2146	382	21	12	41	24	2	22
2147	578	30	9	41	27	2	4
2148	521	27	23	41	20	2	21
2149	555	29	8	41	25	2	28
2150	10	4	15	41	28	2	23
2151	305	17	29	41	22	2	10
2152	32	5	15	41	14	2	9
2153	608	31	21	41	27	2	6
2154	137	10	8	41	21	2	16
2155	687	35	8	41	21	2	18
2156	99	8	17	41	18	2	24
2157	758	38	15	41	18	2	25
2158	152	10	30	41	23	2	25
2159	661	34	2	41	9	2	14
2160	232	14	18	41	14	2	30
2161	325	18	26	41	31	2	7
2162	105	8	26	41	24	2	23
2163	450	24	15	41	2	2	4
2164	185	12	14	41	5	2	7
2165	368	20	24	41	11	2	11
2166	728	37	3	41	21	2	9
2167	680	34	30	41	16	2	15
2168	388	21	21	41	1	2	14
2169	15	4	23	41	9	2	5
2170	652	33	21	41	10	2	23
2171	527	27	32	41	15	2	21
2172	238	14	27	41	13	2	17
2173	230	14	15	41	26	2	17
2174	123	9	20	41	11	2	1
2175	42	5	30	41	21	2	5
2176	31	5	14	41	31	2	29
2177	397	22	2	41	20	2	24
2178	171	11	26	41	6	2	18
2179	399	22	5	41	22	2	20
2180	770	39	0	41	6	2	1
2181	0	4	0	41	22	2	2
2182	664	34	6	41	16	2	14
2183	340	19	15	41	23	2	23
2184	517	27	17	41	6	2	22
2185	68	7	3	41	31	2	17
2186	573	30	2	41	28	2	16
2187	393	21	29	41	31	2	29
2188	157	11	5	41	19	2	16
2189	426	23	12	41	15	2	11
2190	187	12	17	41	13	2	16
2191	717	36	20	41	21	2	5
2192	345	19	23	41	20	2	8
2193	139	10	11	41	8	2	10
2194	52	6	12	41	4	2	19
2195	718	36	21	41	1	2	11
2196	125	9	23	41	3	2	0
2197	266	16	3	41	15	2	21
2198	268	16	6	41	10	2	1
2199	44	6	0	41	7	2	5
2200	57	6	20	41	11	2	13
2201	179	12	5	41	21	2	19
2202	716	36	18	41	17	2	7
2203	666	34	9	41	19	2	14
2204	455	24	23	41	26	2	17
2205	184	12	12	41	22	2	25
2206	366	20	21	41	13	2	16
2207	508	27	3	41	4	2	6
2208	464	25	3	41	11	2	19
2209	370	20	27	41	8	2	29
2210	741	37	23	41	30	2	21
2211	122	9	18	41	26	2	11
2212	540	28	18	41	21	2	26
2213	273	16	14	41	15	2	8
2214	708	36	6	41	14	2	23
2215	277	16	20	41	29	2	23
2216	697	35	23	41	20	2	23
2217	174	11	30	41	29	2	24
2218	73	7	11	41	12	2	27
2219	217	13	29	41	25	2	19
2220	292	17	9	41	10	2	3
2221	594	31	0	41	14	2	10
2222	744	37	27	41	29	2	5
2223	276	16	18	41	19	2	17
2224	302	17	24	41	26	2	30
2225	54	6	15	41	6	2	15
2226	658	33	30	41	10	2	21
2227	18	4	27	41	27	2	11
2228	234	14	21	41	25	2	12
2229	258	15	24	41	4	2	20
2230	515	27	14	41	2	2	19
2231	336	19	9	41	16	2	23
2232	30	5	12	41	2	2	27
2233	416	22	30	41	28	2	19
2234	181	12	8	41	11	2	24
2235	436	23	27	41	13	2	8
2236	34	5	18	41	29	2	18
2237	473	25	17	41	24	2	23
2238	754	38	9	41	15	2	3
2239	736	37	15	41	2	2	27
2240	766	38	27	41	28	2	22
2241	560	29	15	41	20	2	10
2242	512	27	9	41	1	2	21
2243	198	13	0	41	5	2	15
2244	145	10	20	41	7	2	17
2245	501	26	26	41	1	2	28
2246	437	23	29	41	10	2	0
2247	686	35	6	41	12	2	21
2248	348	19	27	41	25	2	13
2249	547	28	29	41	1	2	11
2250	229	14	14	41	24	2	28
2251	646	33	12	41	10	2	6
2252	545	28	26	41	25	2	21
2253	519	27	20	41	17	2	14
2254	612	31	27	41	14	2	26
2255	271	16	11	41	24	2	26
2256	562	29	18	41	22	2	10
2257	175	11	32	41	15	2	22
2258	81	7	23	41	21	2	4
2259	589	30	26	41	24	2	1
2260	712	36	12	41	11	2	3
2261	160	11	9	41	25	2	3
2262	195	12	29	41	19	2	23
2263	491	26	11	41	13	2	4
2264	633	32	26	41	11	2	13
2265	53	6	14	41	24	2	20
2266	742	37	24	41	29	2	17
2267	227	14	11	41	9	2	22
2268	20	4	30	41	1	2	20
2269	308	18	0	41	27	2	25
2270	216	13	27	41	28	2	17
2271	656	33	27	41	5	2	24
2272	640	33	3	41	1	2	13
2273	781	39	17	41	6	2	10
2274	597	31	5	41	18	2	4
2275	682	35	0	41	23	2	10
2276	287	17	2	41	18	2	14
2277	142	10	15	41	16	2	0
2278	334	19	6	41	29	2	23
2279	150	10	27	41	25	2	28
2280	111	9	2	41	26	2	2
2281	262	15	30	41	9	2	6
2282	734	37	12	41	15	2	6
2283	97	8	14	41	4	2	12
2284	746	37	30	41	7	2	13
2285	725	36	32	41	5	2	7
2286	85	7	29	41	29	2	12
2287	476	25	21	41	28	2	7
2288	95	8	11	41	22	2	9
2289	480	25	27	41	26	2	11
2290	778	39	12	41	6	2	15
2291	474	25	18	41	1	2	22
2292	219	13	32	41	30	2	16
2293	625	32	14	41	12	2	26
2294	427	23	14	41	22	2	8
2295	571	29	32	41	30	2	20
2296	732	37	9	41	8	2	29
2297	670	34	15	41	9	2	3
2298	419	23	2	41	29	2	2
2299	620	32	6	41	15	2	16
2300	205	13	11	41	6	2	1
2301	762	38	21	41	10	2	17
2302	606	31	18	41	4	2	0
2303	193	12	26	41	15	2	29
2304	196	12	30	41	14	2	11
2305	723	36	29	41	14	2	8
2306	780	39	15	41	8	2	3
2307	311	18	5	41	21	2	1
2308	691	35	14	41	25	2	6
2309	272	16	12	41	26	2	19
2310	541	28	20	41	26	2	24
2311	567	29	26	41	14	2	20
2312	614	31	30	41	9	2	16
2313	291	17	8	41	29	2	23
2314	375	21	2	41	1	2	4
2315	542	28	21	41	31	2	14
2316	33	5	17	41	19	2	8
2317	710	36	9	41	28	2	14
2318	355	20	5	41	9	2	3
2319	440	24	0	41	17	2	24
2320	214	13	24	41	9	2	6
2321	159	11	8	41	12	2	25
2322	303	17	26	41	29	2	13
2323	263	15	32	41	6	2	0
2324	353	20	2	41	16	2	3
2325	449	24	14	41	26	2	29
2326	639	33	2	41	3	2	5
2327	563	29	20	41	8	2	7
2328	148	10	24	41	30	2	25
2329	648	33	15	41	7	2	16
2330	535	28	11	41	7	2	26
2331	593	30	32	41	16	2	5
2332	337	19	11	41	28	2	15
2333	511	27	8	41	9	2	12
2334	320	18	18	41	10	2	16
2335	586	30	21	41	10	2	25
2336	65	6	32	41	14	2	3
2337	151	10	29	41	10	2	21
2338	177	12	2	41	3	2	4
2339	176	12	0	41	7	2	22
2340	144	10	18	41	12	2	25
2341	143	10	17	41	22	2	30
2342	153	10	32	41	6	2	10
2343	91	8	5	41	22	2	16
2344	12	4	18	41	3	2	8
2345	782	39	18	41	28	2	16
2346	619	32	5	41	15	2	4
2347	246	15	6	41	2	2	11
2348	705	36	2	41	30	2	27
2349	631	32	23	41	6	2	22
2350	773	39	5	41	26	2	5
2351	748	38	0	41	31	2	13
2352	17	4	26	41	14	2	29
2353	566	29	24	41	28	2	11
2354	372	20	30	41	23	2	13
2355	543	28	23	41	13	2	23
2356	140	10	12	41	2	2	0
2357	721	36	26	41	16	2	17
2358	689	35	11	41	24	2	13
2359	605	31	17	41	25	2	13
2360	722	36	27	41	4	2	29
2361	655	33	26	41	16	2	21
2362	170	11	24	41	28	2	5
2363	613	31	29	41	29	2	16
2364	199	13	2	41	15	2	0
2365	747	37	32	41	20	2	10
2366	189	12	20	41	12	2	4
2367	523	27	26	41	16	2	0
2368	577	30	8	41	22	2	4
2369	452	24	18	41	6	2	9
2370	6	4	9	41	10	2	9
2371	47	6	5	41	12	2	13
2372	417	22	32	41	6	2	12
2373	430	23	18	41	15	2	22
2374	98	8	15	41	15	2	12
2375	554	29	6	41	25	2	3
2376	520	27	21	41	27	2	7
2377	89	8	2	41	2	2	4
2378	475	25	20	41	16	2	7
2379	135	10	5	41	11	2	22
2380	696	35	21	41	18	2	21
2381	375	21	2	41	30	2	26
2382	352	20	0	41	2	2	6
2383	789	39	29	41	10	2	24
2384	186	12	15	41	31	2	28
2385	651	33	20	41	10	2	25
2386	384	21	15	41	5	2	12
2387	112	9	3	41	10	2	16
2388	247	15	8	41	19	2	27
2389	298	17	18	41	22	2	6
2390	642	33	6	41	26	2	17
2391	603	31	14	41	24	2	23
2392	669	34	14	41	9	2	2
2393	24	5	3	41	22	2	2
2394	470	25	12	41	23	2	2
2395	674	34	21	41	2	2	4
2396	765	38	26	41	29	2	19
2397	417	22	32	41	30	2	23
2398	305	17	29	41	28	2	18
2399	69	7	5	41	12	2	3
2400	617	32	2	41	18	2	20
2401	608	31	21	41	31	2	28
2402	347	19	26	41	2	2	21
2403	629	32	20	41	6	2	10
2404	688	35	9	41	12	2	16
2405	370	20	27	41	30	2	17
2406	27	5	8	41	9	2	23
2407	288	17	3	41	10	2	3
2408	72	7	9	41	17	2	29
2409	297	17	17	41	13	2	30
2410	442	24	3	41	21	2	30
2411	506	27	0	41	18	2	19
2412	626	32	15	41	19	2	29
2413	656	33	27	41	25	2	9
2414	4	4	6	41	25	2	23
2415	210	13	18	41	21	2	1
2416	267	16	5	41	6	2	16
2417	468	25	9	41	25	2	2
2418	459	24	29	41	26	2	6
2419	726	37	0	41	31	2	11
2420	580	30	12	41	8	2	11
2421	426	23	12	41	15	2	10
2422	636	32	30	41	20	2	27
2423	602	31	12	41	30	2	25
2424	453	24	20	41	16	2	24
2425	607	31	20	41	10	2	9
2426	411	22	23	41	24	2	14
2427	180	12	6	41	9	2	18
2428	181	12	8	41	24	2	22
2429	561	29	17	41	6	2	29
2430	311	18	5	41	21	2	16
2431	73	7	11	41	19	2	2
2432	120	9	15	41	12	2	11
2433	404	22	12	41	3	2	10
2434	635	32	29	41	19	2	13
2435	560	29	15	41	9	2	13
2436	441	24	2	41	14	2	18
2437	140	10	12	41	4	2	7
2438	207	13	14	41	22	2	4
2439	239	14	29	41	13	2	5
2440	779	39	14	41	5	2	14
2441	48	6	6	41	24	2	27
2442	714	36	15	41	12	2	4
2443	734	37	12	41	1	2	21
2444	672	34	18	41	7	2	22
2445	462	25	0	41	4	2	22
2446	398	22	3	41	27	2	15
2447	681	34	32	41	16	2	8
2448	643	33	8	41	10	2	16
2449	342	19	18	41	23	2	10
2450	238	14	27	41	17	2	17
2451	131	9	32	41	8	2	3
2452	365	20	20	41	9	2	17
2453	234	14	21	41	5	2	0
2454	735	37	14	41	18	2	12
2455	32	5	15	41	1	2	24
2456	109	8	32	41	29	2	22
2457	588	30	24	41	23	2	19
2458	515	27	14	41	8	2	3
2459	605	31	17	41	17	2	19
2460	689	35	11	41	3	2	3
2461	59	6	23	41	26	2	28
2462	616	32	0	41	27	2	22
2463	706	36	3	41	28	2	2
2464	118	9	12	41	17	2	30
2465	507	27	2	41	9	2	7
2466	64	6	30	41	26	2	0
2467	116	9	9	41	17	2	13
2468	723	36	29	41	23	2	6
2469	443	24	5	41	14	2	26
2470	149	10	26	41	13	2	16
2471	474	25	18	41	19	2	14
2472	153	10	32	41	10	2	7
2473	46	6	3	41	31	2	22
2474	350	19	30	41	22	2	21
2475	552	29	3	41	22	2	12
2476	371	20	29	41	18	2	25
2477	598	31	6	41	8	2	18
2478	590	30	27	41	14	2	30
2479	585	30	20	41	11	2	13
2480	465	25	5	41	31	2	3
2481	294	17	12	41	24	2	25
2482	160	11	9	41	2	2	10
2483	530	28	3	41	19	2	12
2484	50	6	9	41	5	2	2
2485	358	20	9	41	20	2	28
2486	18	4	27	41	2	2	21
2487	450	24	15	41	15	2	29
2488	185	12	14	41	22	2	29
2489	87	7	32	41	6	2	1
2490	633	32	26	41	28	2	9
2491	594	31	0	41	4	2	8
2492	553	29	5	41	12	2	0
2493	193	12	26	41	21	2	21
2494	1	4	2	41	14	2	27
2495	348	19	27	41	10	2	10
2496	700	35	27	41	20	2	21
2497	217	13	29	41	12	2	0
2498	778	39	12	41	8	2	27
2499	675	34	23	41	14	2	12
2500	661	34	2	41	4	2	26
2501	53	6	14	41	14	2	12
2502	666	34	9	41	28	2	8
2503	576	30	6	41	16	2	8
2504	264	16	0	41	28	2	28
2505	359	20	11	41	21	2	17
2506	632	32	24	41	13	2	1
2507	47	6	5	41	19	2	24
2508	648	33	15	41	10	2	19
2509	615	31	32	41	1	2	14
2510	620	32	6	41	13	2	7
2511	452	24	18	41	14	2	17
2512	484	26	0	41	2	2	9
2513	196	12	30	41	10	2	1
2514	772	39	3	41	9	2	24
2515	86	7	30	41	9	2	22
2516	478	25	24	41	2	2	5
2517	97	8	14	41	18	2	0
2518	416	22	30	41	9	2	28
2519	479	25	26	41	26	2	1
2520	14	4	21	41	21	2	14
2521	752	38	6	41	16	2	23
2522	225	14	8	41	9	2	2
2523	438	23	30	41	24	2	10
2524	619	32	5	41	29	2	12
2525	310	18	3	41	2	2	30
2526	279	16	23	41	11	2	18
2527	231	14	17	41	4	2	7
2528	716	36	18	41	14	2	4
2529	521	27	23	41	5	2	6
2530	600	31	9	41	22	2	21
2531	755	38	11	41	22	2	24
2532	455	24	23	41	14	2	6
2533	295	17	14	41	28	2	20
2534	604	31	15	41	30	2	16
2535	17	4	26	41	30	2	10
2536	143	10	17	41	28	2	11
2537	213	13	23	41	7	2	0
2538	203	13	8	41	21	2	2
2539	725	36	32	41	30	2	9
2540	206	13	12	41	11	2	10
2541	126	9	24	41	3	2	4
2542	395	21	32	41	17	2	27
2543	372	20	30	41	10	2	21
2544	269	16	8	41	30	2	16
2545	42	5	30	41	9	2	22
2546	233	14	20	41	9	2	15
2547	555	29	8	41	3	2	7
2548	721	36	26	41	14	2	26
2549	39	5	26	41	17	2	0
2550	581	30	14	41	6	2	11
2551	708	36	6	41	20	2	18
2552	502	26	27	41	24	2	8
2553	92	8	6	41	13	2	22
2554	35	5	20	41	27	2	3
2555	101	8	20	41	28	2	4
2556	625	32	14	41	21	2	27
2557	425	23	11	41	3	2	13
2558	122	9	18	41	2	2	12
2559	514	27	12	41	1	2	14
2560	664	34	6	41	28	2	29
2561	237	14	26	41	12	2	15
2562	85	7	29	41	17	2	8
2563	460	24	30	41	22	2	27
2564	382	21	12	41	23	2	23
2565	644	33	9	41	26	2	21
2566	568	29	27	41	16	2	3
2567	9	4	14	41	7	2	30
2568	523	27	26	41	10	2	1
2569	469	25	11	41	11	2	27
2570	337	19	11	41	18	2	15
2571	758	38	15	41	2	2	14
2572	498	26	21	41	30	2	23
2573	167	11	20	41	27	2	2
2574	729	37	5	41	6	2	1
2575	147	10	23	41	5	2	12
2576	224	14	6	41	14	2	16
2577	740	37	21	41	9	2	21
2578	229	14	14	41	31	2	13
2579	493	26	14	41	2	2	19
2580	281	16	26	41	2	2	21
2581	345	19	23	41	17	2	0
2582	44	6	0	41	12	2	29
2583	599	31	8	41	16	2	16
2584	551	29	2	41	30	2	27
2585	508	27	3	41	15	2	24
2586	510	27	6	41	2	2	2
2587	161	11	11	41	3	2	0
2588	748	38	0	41	27	2	4
2589	392	21	27	41	22	2	10
2590	427	23	14	41	1	2	20
2591	638	33	0	41	7	2	21
2592	182	12	9	41	16	2	21
2593	200	13	3	41	11	2	8
2594	731	37	8	41	11	2	14
2595	378	21	6	41	28	2	11
2596	423	23	8	41	3	2	16
2597	579	30	11	41	25	2	9
2598	8	4	12	41	28	2	13
2599	766	38	27	41	1	2	16
2600	340	19	15	41	20	2	9
2601	270	16	9	41	28	2	22
2602	621	32	8	41	3	2	25
2603	749	38	2	41	24	2	17
2604	400	22	6	41	21	2	19
2605	187	12	17	41	27	2	24
2606	652	33	21	41	26	2	26
2607	463	25	2	41	28	2	3
2608	283	16	29	41	3	2	3
2609	70	7	6	41	17	2	5
2610	499	26	23	41	1	2	0
2611	445	24	8	41	19	2	13
2612	570	29	30	41	15	2	4
2613	60	6	24	41	17	2	19
2614	524	27	27	41	12	2	5
2615	593	30	32	41	14	2	17
2616	156	11	3	41	17	2	30
2617	215	13	26	41	10	2	15
2618	127	9	26	41	24	2	26
2619	548	28	30	41	17	2	28
2620	315	18	11	41	2	2	25
2621	650	33	18	41	3	2	15
2622	659	33	32	41	29	2	26
2623	197	12	32	41	19	2	4
2624	254	15	18	41	23	2	24
2625	230	14	15	41	8	2	25
2626	108	8	30	41	15	2	6
2627	309	18	2	41	3	2	15
2628	41	5	29	41	6	2	20
2629	663	34	5	41	3	2	17
2630	78	7	18	41	22	2	27
2631	2	4	3	41	21	2	18
2632	363	20	17	41	29	2	27
2633	653	33	23	41	1	2	2
2634	211	13	20	41	17	2	4
2635	413	22	26	41	30	2	18
2636	494	26	15	41	21	2	19
2637	686	35	6	41	30	2	0
2638	744	37	27	41	5	2	24
2639	486	26	3	41	21	2	21
2640	704	36	0	41	10	2	21
2641	497	26	20	41	15	2	30
2642	45	6	2	41	6	2	15
2643	275	16	17	41	18	2	21
2644	487	26	5	41	6	2	1
2645	71	7	8	41	26	2	26
2646	421	23	5	41	31	2	23
2647	251	15	14	41	31	2	12
2648	458	24	27	41	18	2	25
2649	522	27	24	41	6	2	22
2650	736	37	15	41	15	2	10
2651	637	32	32	41	6	2	30
2652	715	36	17	41	30	2	15
2653	194	12	27	41	25	2	13
2654	788	39	27	41	1	2	3
2655	596	31	3	41	20	2	1
2656	791	39	32	41	23	2	19
2657	7	4	11	41	16	2	0
2658	302	17	24	41	30	2	16
2659	542	28	21	41	30	2	24
2660	98	8	15	41	27	2	0
2661	488	26	6	41	29	2	7
2662	51	6	11	41	26	2	13
2663	15	4	23	41	28	2	16
2664	529	28	2	41	6	2	27
2665	55	6	17	41	2	2	3
2666	444	24	6	41	2	2	11
2667	228	14	12	41	20	2	12
2668	719	36	23	41	29	2	11
2669	695	35	20	41	28	2	23
2670	543	28	23	41	22	2	28
2671	783	39	20	41	11	2	6
2672	545	28	26	41	25	2	27
2673	16	4	24	41	14	2	20
2674	768	38	30	41	20	2	10
2675	396	22	0	41	22	2	11
2676	117	9	11	41	29	2	18
2677	341	19	17	41	24	2	28
2678	381	21	11	41	6	2	9
2679	610	31	24	41	11	2	18
2680	374	21	0	41	11	2	30
2681	244	15	3	41	28	2	13
2682	54	6	15	41	22	2	8
2683	164	11	15	41	24	2	19
2684	606	31	18	41	10	2	30
2685	771	39	2	41	4	2	29
2686	268	16	6	41	31	2	28
2687	219	13	32	41	22	2	9
2688	145	10	20	41	8	2	16
2689	256	15	21	41	23	2	26
2690	100	8	18	41	15	2	28
2691	624	32	12	41	22	2	13
2692	128	9	27	41	7	2	25
2693	544	28	24	41	21	2	18
2694	320	18	18	41	21	2	9
2695	88	8	0	41	13	2	11
2696	308	18	0	41	26	2	7
2697	630	32	21	41	12	2	19
2698	676	34	24	41	15	2	28
2699	565	29	23	41	24	2	20
2700	338	19	12	41	25	2	17
2701	597	31	5	41	31	2	6
2702	198	13	0	41	23	2	6
2703	43	5	32	41	4	2	12
2704	451	24	17	41	7	2	24
2705	146	10	21	41	20	2	26
2706	433	23	23	41	18	2	17
2707	405	22	14	41	28	2	23
2708	79	7	20	41	10	2	30
2709	364	20	18	41	31	2	15
2710	379	21	8	41	18	2	19
2711	162	11	12	41	16	2	19
2712	202	13	6	41	28	2	26
2713	527	27	32	41	15	2	4
2714	673	34	20	41	16	2	20
2715	532	28	6	41	10	2	6
2716	49	6	8	41	22	2	15
2717	657	33	29	41	22	2	0
2718	175	11	32	41	2	2	11
2719	609	31	23	41	9	2	21
2720	329	18	32	41	12	2	3
2721	614	31	30	41	5	2	10
2722	753	38	8	41	12	2	22
2723	697	35	23	41	19	2	18
2724	99	8	17	41	27	2	28
2725	786	39	24	41	31	2	16
2726	20	4	30	41	10	2	3
2727	40	5	27	41	31	2	16
2728	262	15	30	41	30	2	3
2729	354	20	3	41	16	2	15
2730	525	27	29	41	27	2	16
2731	11	4	17	41	15	2	14
2732	301	17	23	41	25	2	9
2733	640	33	3	41	12	2	29
2734	577	30	8	41	13	2	7
2735	242	15	0	41	15	2	5
2736	136	10	6	41	1	2	27
2737	403	22	11	41	19	2	19
2738	691	35	14	41	5	2	14
2739	709	36	8	41	27	2	20
2740	430	23	18	41	4	2	1
2741	204	13	9	41	29	2	10
2742	326	18	27	41	12	2	3
2743	746	37	30	41	13	2	11
2744	324	18	24	41	26	2	3
2745	214	13	24	41	27	2	16
2746	0	4	0	41	22	2	29
2747	490	26	9	41	27	2	13
2748	420	23	3	41	12	2	24
2749	769	38	32	41	14	2	16
2750	151	10	29	41	28	2	30
2751	243	15	2	41	20	2	9
2752	163	11	14	41	2	2	28
2753	168	11	21	41	7	2	16
2754	756	38	12	41	5	2	2
2755	671	34	17	41	12	2	5
2756	189	12	20	41	21	2	14
2757	662	34	3	41	11	2	6
2758	103	8	23	41	11	2	2
2759	65	6	32	41	24	2	1
2760	787	39	26	41	9	2	4
2761	334	19	6	41	29	2	20
2762	481	25	29	41	17	2	6
2763	536	28	12	41	8	2	18
2764	732	37	9	41	8	2	7
2765	26	5	6	41	8	2	16
2766	95	8	11	41	26	2	12
2767	248	15	9	41	26	2	18
2768	389	21	23	41	12	2	22
2769	730	37	6	41	16	2	10
2770	702	35	30	41	25	2	24
2771	583	30	17	41	5	2	5
2772	227	14	11	41	23	2	14
2773	223	14	5	41	22	2	28
2774	75	7	14	41	28	2	7
2775	81	7	23	41	8	2	23
2776	90	8	3	41	10	2	21
2777	13	4	20	41	28	2	28
2778	785	39	23	41	17	2	28
2779	290	17	6	41	11	2	25
2780	761	38	20	41	15	2	24
2781	335	19	8	41	8	2	14
2782	123	9	20	41	1	2	7
2783	388	21	21	41	27	2	24
2784	448	24	12	41	10	2	25
2785	291	17	8	41	6	2	13
2786	5	4	8	41	27	2	3
2787	718	36	21	41	13	2	12
2788	303	17	26	41	24	2	22
2789	137	10	8	41	7	2	16
2790	104	8	24	41	26	2	24
2791	220	14	0	41	29	2	21
2792	331	19	2	41	8	2	13
2793	763	38	23	41	2	2	28
2794	572	30	0	41	7	2	5
2795	776	39	9	41	9	2	19
2796	724	36	30	41	24	2	22
2797	466	25	6	41	8	2	8
2798	357	20	8	41	9	2	25
2799	534	28	9	41	30	2	29
2800	698	35	24	41	15	2	11
2801	509	27	5	41	18	2	18
2802	218	13	30	41	25	2	15
2803	665	34	8	41	3	2	15
2804	192	12	24	41	3	2	15
2805	226	14	9	41	31	2	9
2806	531	28	5	41	17	2	26
2807	282	16	27	41	4	2	14
2808	733	37	11	41	2	2	2
2809	273	16	14	41	3	2	13
2810	422	23	6	41	6	2	4
2811	28	5	9	41	5	2	26
2812	66	7	0	41	25	2	9
2813	84	7	27	41	12	2	12
2814	178	12	3	41	11	2	24
2815	412	22	24	41	18	2	22
2816	737	37	17	41	6	2	22
2817	511	27	8	41	19	2	8
2818	61	6	26	41	8	2	3
2819	77	7	17	41	23	2	23
2820	30	5	12	41	31	2	17
2821	496	26	18	41	20	2	7
2822	586	30	21	41	7	2	25
2823	82	7	24	41	16	2	2
2824	419	23	2	41	4	2	21
2825	119	9	14	41	20	2	24
2826	36	5	21	41	21	2	24
2827	431	23	20	41	2	2	2
2828	712	36	12	41	27	2	0
2829	429	23	17	41	27	2	10
2830	216	13	27	41	1	2	2
2831	172	11	27	41	26	2	0
2832	428	23	15	41	13	2	8
2833	707	36	5	41	8	2	21
2834	790	39	30	41	14	2	6
2835	286	17	0	41	19	2	22
2836	618	32	3	41	9	2	1
2837	782	39	18	41	29	2	14
2838	574	30	3	41	14	2	19
2839	472	25	15	41	1	2	30
2840	271	16	11	41	18	2	0
2841	512	27	9	41	19	2	6
2842	300	17	21	41	2	2	5
2843	102	8	21	41	10	2	25
2844	68	7	3	41	23	2	16
2845	418	23	0	41	16	2	11
2846	328	18	30	41	18	2	29
2847	747	37	32	41	17	2	16
2848	394	21	30	41	30	2	29
2849	366	20	21	41	28	2	14
2850	56	6	18	41	22	2	6
2851	173	11	29	41	19	2	7
2852	491	26	11	41	22	2	1
2853	265	16	2	41	8	2	13
2854	547	28	29	41	17	2	3
2855	93	8	8	41	16	2	6
2856	255	15	20	41	8	2	18
2857	22	5	0	41	26	2	1
2858	694	35	18	41	13	2	7
2859	134	10	3	41	29	2	5
2860	208	13	15	41	20	2	23
2861	205	13	11	41	15	2	23
2862	246	15	6	41	1	2	7
2863	415	22	29	41	11	2	7
2864	299	17	20	41	28	2	13
2865	646	33	12	41	16	2	4
2866	647	33	14	41	13	2	5
2867	38	5	24	41	24	2	12
2868	537	28	14	41	1	2	13
2869	751	38	5	41	8	2	9
2870	62	6	27	41	22	2	27
2871	757	38	14	41	17	2	7
2872	10	4	15	41	4	2	12
2873	115	9	8	41	26	2	6
2874	176	12	0	41	26	2	20
2875	461	24	32	41	7	2	6
2876	584	30	18	41	21	2	30
2877	550	29	0	41	25	2	18
2878	435	23	26	41	29	2	9
2879	148	10	24	41	15	2	11
2880	121	9	17	41	8	2	29
2881	155	11	2	41	23	2	9
2882	369	20	26	41	20	2	25
2883	613	31	29	41	7	2	12
2884	319	18	17	41	3	2	16
2885	760	38	18	41	16	2	17
2886	722	36	27	41	29	2	16
2887	3	4	5	41	27	2	16
2888	252	15	15	41	24	2	5
2889	296	17	15	41	18	2	27
2890	277	16	20	41	17	2	4
2891	80	7	21	41	30	2	19
2892	660	34	0	41	6	2	29
2893	222	14	3	41	28	2	10
2894	278	16	21	41	23	2	15
2895	157	11	5	41	4	2	21
2896	261	15	29	41	9	2	10
2897	129	9	29	41	1	2	16
2898	764	38	24	41	19	2	28
2899	693	35	17	41	15	2	11
2900	476	25	21	41	4	2	8
2901	612	31	27	41	8	2	10
2902	622	32	9	41	19	2	16
2903	209	13	17	41	26	2	22
2904	94	8	9	41	24	2	18
2905	23	5	2	41	18	2	22
2906	449	24	14	41	3	2	5
2907	489	26	8	41	8	2	13
2908	738	37	18	41	26	2	6
2909	685	35	5	41	29	2	29
2910	492	26	12	41	21	2	26
2911	582	30	15	41	8	2	2
2912	165	11	17	41	27	2	18
2913	623	32	11	41	25	2	7
2914	628	32	18	41	25	2	16
2915	312	18	6	41	12	2	9
2916	190	12	21	41	28	2	0
2917	485	26	2	41	19	2	12
2918	454	24	21	41	30	2	11
2919	587	30	23	41	21	2	5
2920	336	19	9	41	23	2	17
2921	245	15	5	41	21	2	18
2922	139	10	11	41	17	2	24
2923	777	39	11	41	2	2	25
2924	344	19	21	41	13	2	9
2925	316	18	12	41	10	2	3
2926	566	29	24	41	16	2	27
2927	727	37	2	41	31	2	3
2928	667	34	11	41	2	2	6
2929	467	25	8	41	12	2	22
2930	258	15	24	41	1	2	5
2931	174	11	30	41	26	2	1
2932	96	8	12	41	15	2	19
2933	402	22	9	41	9	2	14
2934	12	4	18	41	19	2	24
2935	457	24	26	41	18	2	13
2936	106	8	27	41	14	2	29
2937	6	4	9	41	23	2	12
2938	292	17	9	41	28	2	21
2939	201	13	5	41	18	2	7
2940	410	22	21	41	29	2	10
2941	289	17	5	41	29	2	18
2942	480	25	27	41	17	2	22
2943	236	14	24	41	26	2	10
2944	677	34	26	41	10	2	30
2945	575	30	5	41	5	2	4
2946	259	15	26	41	20	2	11
2947	516	27	15	41	25	2	1
2948	424	23	9	41	24	2	11
2949	276	16	18	41	4	2	4
2950	138	10	9	41	21	2	14
2951	741	37	23	41	6	2	0
2952	179	12	5	41	23	2	26
2953	376	21	3	41	9	2	12
2954	717	36	20	41	1	2	16
2955	34	5	18	41	15	2	12
2956	67	7	2	41	18	2	14
2957	682	35	0	41	23	2	8
2958	368	20	24	41	17	2	10
2959	250	15	12	41	15	2	1
2960	362	20	15	41	20	2	19
2961	573	30	2	41	10	2	0
2962	133	10	2	41	31	2	25
2963	63	6	29	41	14	2	26
2964	601	31	11	41	12	2	9
2965	505	26	32	41	18	2	17
2966	287	17	2	41	27	2	5
2967	154	11	0	41	25	2	2
2968	407	22	17	41	31	2	28
2969	76	7	15	41	24	2	5
2970	323	18	23	41	30	2	7
2971	759	38	17	41	19	2	22
2972	37	5	23	41	28	2	4
2973	780	39	15	41	28	2	7
2974	25	5	5	41	20	2	9
2975	356	20	6	41	8	2	28
2976	767	38	29	41	7	2	6
2977	373	20	32	41	17	2	1
2978	171	11	26	41	19	2	9
2979	144	10	18	41	5	2	26
2980	377	21	5	41	5	2	17
2981	546	28	27	41	27	2	13
2982	351	19	32	41	9	2	14
2983	464	25	3	41	3	2	11
2984	390	21	24	41	12	2	8
2985	263	15	32	41	16	2	1
2986	110	9	0	41	17	2	4
2987	754	38	9	41	24	2	25
2988	21	4	32	41	7	2	30
2989	383	21	14	41	5	2	9
2990	770	39	0	41	26	2	24
2991	762	38	21	41	19	2	15
2992	513	27	11	41	7	2	30
2993	159	11	8	41	6	2	28
2994	556	29	9	41	19	2	12
2995	743	37	26	41	21	2	17
2996	170	11	24	41	1	2	20
2997	742	37	24	41	25	2	8
2998	784	39	21	41	23	2	30
2999	549	28	32	41	8	2	0
3000	639	33	2	41	16	2	19
3001	690	35	12	41	4	2	30
3002	235	14	23	41	6	2	25
3003	501	26	26	41	31	2	10
3004	774	39	6	41	2	2	17
3005	670	34	15	41	21	2	5
3006	313	18	8	41	9	2	18
3007	113	9	5	41	14	2	18
3008	387	21	20	41	2	2	9
3009	107	8	29	41	14	2	27
3010	307	17	32	41	2	2	27
3011	500	26	24	41	4	2	9
3012	519	27	20	41	12	2	12
3013	471	25	14	41	15	2	2
3014	353	20	2	41	15	2	23
3015	701	35	29	41	27	2	26
3016	562	29	18	41	9	2	25
3017	645	33	11	41	28	2	24
3018	440	24	0	41	11	2	16
3019	409	22	20	41	4	2	6
3020	434	23	24	41	10	2	12
3021	125	9	23	41	30	2	6
3022	692	35	15	41	4	2	23
3023	641	33	5	41	24	2	13
3024	367	20	23	41	20	2	15
3025	327	18	29	41	5	2	11
3026	558	29	12	41	24	2	13
3027	212	13	21	41	31	2	10
3028	130	9	30	41	10	2	26
3029	495	26	17	41	25	2	28
3030	720	36	24	41	20	2	18
3031	713	36	14	41	4	2	4
3032	775	39	8	41	19	2	26
3033	304	17	27	41	12	2	24
3034	728	37	3	41	24	2	24
3035	322	18	21	41	2	2	6
3036	280	16	24	41	23	2	4
3037	346	19	24	41	12	2	1
3038	321	18	20	41	19	2	28
3039	33	5	17	41	15	2	3
3040	517	27	17	41	18	2	5
3041	195	12	29	41	26	2	23
3042	447	24	11	41	14	2	4
3043	406	22	15	41	23	2	26
3044	611	31	26	41	21	2	25
3045	711	36	11	41	14	2	17
3046	343	19	20	41	30	2	27
3047	393	21	29	41	14	2	23
3048	317	18	14	41	12	2	21
3049	781	39	17	41	26	2	5
3050	355	20	5	41	21	2	3
3051	483	25	32	41	3	2	23
3052	266	16	3	41	13	2	12
3053	699	35	26	41	16	2	27
3054	141	10	14	41	8	2	20
3055	152	10	30	41	9	2	18
3056	432	23	21	41	1	2	13
3057	380	21	9	41	24	2	2
3058	589	30	26	41	5	2	29
3059	750	38	3	41	3	2	3
3060	339	19	14	41	30	2	17
3061	293	17	11	41	17	2	12
3062	563	29	20	41	29	2	11
3063	166	11	18	41	15	2	28
3064	634	32	27	41	6	2	27
3065	567	29	26	41	17	2	30
3066	272	16	12	41	10	2	11
3067	274	16	15	41	25	2	24
3068	330	19	0	41	19	2	2
3069	541	28	20	41	12	2	14
3070	535	28	11	41	17	2	6
3071	253	15	17	41	1	2	26
3072	285	16	32	41	4	2	25
3073	132	10	0	41	29	2	25
3074	595	31	2	41	19	2	16
3075	284	16	30	41	23	2	27
3076	539	28	17	41	6	2	24
3077	571	29	32	41	21	2	22
3078	221	14	2	41	9	2	12
3079	739	37	20	41	29	2	16
3080	540	28	18	41	9	2	26
3081	332	19	3	41	28	2	28
3082	705	36	2	41	5	2	14
3083	446	24	9	41	31	2	7
3084	745	37	29	41	11	2	25
3085	439	23	32	41	19	2	11
3086	533	28	8	41	8	2	5
3087	52	6	12	41	6	2	3
3088	528	28	0	41	8	2	29
3089	240	14	30	41	24	2	19
3090	526	27	30	41	30	2	4
3091	114	9	6	41	29	2	21
3092	142	10	15	41	30	2	29
3093	687	35	8	41	24	2	22
3094	680	34	30	41	24	2	0
3095	559	29	14	41	6	2	0
3096	386	21	18	41	17	2	5
3097	124	9	21	41	30	2	6
3098	397	22	2	41	26	2	7
3099	158	11	6	41	23	2	3
3100	658	33	30	41	27	2	0
3101	436	23	27	41	22	2	23
3102	318	18	15	41	21	2	24
3103	592	30	30	41	3	2	3
3104	257	15	23	41	30	2	21
3105	183	12	11	41	28	2	27
3106	361	20	14	41	31	2	9
3107	503	26	29	41	6	2	12
3108	518	27	18	41	28	2	18
3109	150	10	27	41	24	2	23
3110	679	34	29	41	10	2	1
3111	504	26	30	41	13	2	4
3112	391	21	26	41	4	2	15
3113	710	36	9	41	6	2	16
3114	399	22	5	41	11	2	30
3115	241	14	32	41	8	2	19
3116	477	25	23	41	31	2	23
3117	360	20	12	41	11	2	30
3118	91	8	5	41	12	2	30
3119	557	29	11	41	31	2	12
3120	655	33	26	41	9	2	17
3121	678	34	27	41	13	2	12
3122	31	5	14	41	25	2	24
3123	482	25	30	41	6	2	12
3124	437	23	29	41	12	2	29
3125	631	32	23	41	5	2	13
3126	57	6	20	41	5	2	7
3127	684	35	3	41	16	2	19
3128	578	30	9	41	23	2	28
3129	260	15	27	41	27	2	4
3130	703	35	32	41	27	2	17
3131	333	19	5	41	8	2	0
3132	188	12	18	41	21	2	28
3133	591	30	29	41	7	2	17
3134	627	32	17	41	24	2	13
3135	456	24	24	41	23	2	0
3136	683	35	2	41	5	2	28
3137	249	15	11	41	14	2	24
3138	177	12	2	41	2	2	26
3139	668	34	12	41	7	2	5
3140	654	33	24	41	25	2	12
3141	414	22	27	41	4	2	27
3142	306	17	30	41	30	2	22
3143	554	29	6	41	31	2	27
3144	385	21	17	41	31	2	25
3145	773	39	5	41	1	2	27
3146	83	7	26	41	9	2	22
3147	649	33	17	41	16	2	27
3148	349	19	29	41	24	2	18
3149	191	12	23	41	18	2	27
3150	199	13	2	41	5	2	6
3151	569	29	29	41	24	2	9
3152	232	14	18	41	6	2	30
3153	564	29	21	41	5	2	0
3154	19	4	29	41	12	2	2
3155	325	18	26	41	30	2	19
3156	74	7	12	41	1	2	19
3157	538	28	15	41	25	2	4
3158	58	6	21	41	2	2	6
3159	401	22	8	41	8	2	13
3160	105	8	26	41	31	2	14
3161	408	22	18	41	13	2	1
3162	29	5	11	41	14	2	15
3163	111	9	2	41	7	2	5
3164	169	11	23	41	26	2	2
3165	184	12	12	41	13	2	24
3166	314	18	9	41	31	2	0
3167	473	25	17	41	30	2	22
3168	98	8	15	41	23	2	16
3169	526	27	30	41	12	2	15
3170	116	9	9	41	17	2	28
3171	440	24	0	41	20	2	21
3172	236	14	24	41	31	2	2
3173	252	15	15	41	9	2	16
3174	178	12	3	41	21	2	7
3175	584	30	18	41	24	2	2
3176	666	34	9	41	2	2	11
3177	374	21	0	41	12	2	7
3178	722	36	27	41	6	2	29
3179	499	26	23	41	2	2	27
3180	627	32	17	41	14	2	10
3181	438	23	30	41	26	2	25
3182	654	33	24	41	25	2	19
3183	136	10	6	41	10	2	22
3184	703	35	32	41	1	2	7
3185	230	14	15	41	3	2	15
3186	190	12	21	41	3	2	11
3187	85	7	29	41	30	2	21
3188	705	36	2	41	12	2	5
3189	486	26	3	41	29	2	25
3190	711	36	11	41	24	2	3
3191	531	28	5	41	12	2	29
3192	201	13	5	41	8	2	27
3193	37	5	23	41	22	2	3
3194	685	35	5	41	20	2	13
3195	370	20	27	41	18	2	5
3196	411	22	23	41	27	2	25
3197	407	22	17	41	11	2	23
3198	464	25	3	41	15	2	30
3199	2	4	3	41	22	2	25
3200	126	9	24	41	6	2	28
3201	610	31	24	41	28	2	15
3202	520	27	21	41	17	2	6
3203	516	27	15	41	22	2	11
3204	115	9	8	41	9	2	18
3205	238	14	27	41	7	2	23
3206	170	11	24	41	24	2	24
3207	387	21	20	41	1	2	14
3208	207	13	14	41	6	2	21
3209	161	11	11	41	30	2	9
3210	699	35	26	41	28	2	15
3211	723	36	29	41	22	2	9
3212	559	29	14	41	22	2	15
3213	400	22	6	41	5	2	29
3214	750	38	3	41	13	2	17
3215	460	24	30	41	25	2	25
3216	704	36	0	41	27	2	12
3217	670	34	15	41	9	2	0
3218	458	24	27	41	17	2	4
3219	626	32	15	41	11	2	15
3220	399	22	5	41	20	2	12
3221	470	25	12	41	31	2	22
3222	425	23	11	41	5	2	6
3223	691	35	14	41	11	2	30
3224	511	27	8	41	31	2	26
3225	65	6	32	41	17	2	9
3226	99	8	17	41	22	2	23
3227	221	14	2	41	27	2	9
3228	746	37	30	41	5	2	7
3229	424	23	9	41	27	2	15
3230	733	37	11	41	25	2	28
3231	339	19	14	41	21	2	24
3232	762	38	21	41	3	2	14
3233	157	11	5	41	3	2	18
3234	93	8	8	41	24	2	17
3235	754	38	9	41	11	2	16
3236	109	8	32	41	12	2	14
3237	528	28	0	41	4	2	10
3238	463	25	2	41	3	2	9
3239	16	4	24	41	19	2	4
3240	7	4	11	41	20	2	27
3241	146	10	21	41	28	2	20
3242	735	37	14	41	2	2	4
3243	542	28	21	41	12	2	28
3244	162	11	12	41	30	2	6
3245	257	15	23	41	20	2	0
3246	271	16	11	41	14	2	26
3247	678	34	27	41	6	2	4
3248	311	18	5	41	19	2	17
3249	81	7	23	41	19	2	1
3250	700	35	27	41	11	2	20
3251	255	15	20	41	16	2	0
3252	354	20	3	41	29	2	7
3253	661	34	2	41	16	2	6
3254	293	17	11	41	28	2	10
3255	771	39	2	41	16	2	11
3256	538	28	15	41	24	2	19
3257	643	33	8	41	19	2	3
3258	352	20	0	41	17	2	18
3259	648	33	15	41	27	2	19
3260	316	18	12	41	26	2	3
3261	202	13	6	41	28	2	24
3262	189	12	20	41	12	2	30
3263	294	17	12	41	27	2	25
3264	583	30	17	41	24	2	2
3265	544	28	24	41	10	2	17
3266	50	6	9	41	18	2	27
3267	483	25	32	41	23	2	1
3268	615	31	32	41	13	2	15
3269	655	33	26	41	16	2	20
3270	123	9	20	41	29	2	29
3271	383	21	14	41	2	2	13
3272	442	24	3	41	18	2	13
3273	24	5	3	41	20	2	8
3274	314	18	9	41	27	2	30
3275	10	4	15	41	1	2	1
3276	717	36	20	41	19	2	1
3277	272	16	12	41	6	2	25
3278	141	10	14	41	24	2	10
3279	222	14	3	41	7	2	24
3280	291	17	8	41	11	2	7
3281	187	12	17	41	19	2	13
3282	88	8	0	41	8	2	15
3283	219	13	32	41	14	2	1
3284	614	31	30	41	31	2	28
3285	283	16	29	41	19	2	24
3286	102	8	21	41	31	2	20
3287	504	26	30	41	13	2	14
3288	734	37	12	41	11	2	30
3289	11	4	17	41	9	2	12
3290	671	34	17	41	23	2	22
3291	133	10	2	41	8	2	30
3292	21	4	32	41	21	2	30
3293	89	8	2	41	28	2	1
3294	172	11	27	41	13	2	2
3295	101	8	20	41	28	2	7
3296	372	20	30	41	4	2	27
3297	160	11	9	41	29	2	27
3298	620	32	6	41	19	2	6
3299	467	25	8	41	13	2	24
3300	284	16	30	41	6	2	8
3301	386	21	18	41	25	2	2
3302	134	10	3	41	25	2	27
3303	185	12	14	41	27	2	3
3304	356	20	6	41	12	2	9
3305	77	7	17	41	27	2	24
3306	445	24	8	41	17	2	13
3307	44	6	0	41	19	2	6
3308	517	27	17	41	16	2	8
3309	143	10	17	41	19	2	19
3310	398	22	3	41	14	2	29
3311	86	7	30	41	8	2	24
3312	9	4	14	41	4	2	17
3313	280	16	24	41	14	2	26
3314	790	39	30	41	23	2	14
3315	137	10	8	41	22	2	1
3316	381	21	11	41	24	2	30
3317	292	17	9	41	21	2	23
3318	0	4	0	41	16	2	5
3319	431	23	20	41	30	2	21
3320	484	26	0	41	3	2	16
3321	536	28	12	41	11	2	14
3322	706	36	3	41	1	2	2
3323	97	8	14	41	29	2	17
3324	535	28	11	41	27	2	20
3325	166	11	18	41	6	2	29
3326	459	24	29	41	11	2	8
3327	652	33	21	41	21	2	21
3328	118	9	12	41	16	2	1
3329	497	26	20	41	10	2	13
3330	514	27	12	41	2	2	6
3331	714	36	15	41	22	2	6
3332	60	6	24	41	22	2	0
3333	302	17	24	41	29	2	6
3334	418	23	0	41	27	2	7
3335	273	16	14	41	9	2	10
3336	709	36	8	41	8	2	12
3337	686	35	6	41	7	2	26
3338	362	20	15	41	18	2	13
3339	318	18	15	41	17	2	28
3340	224	14	6	41	6	2	28
3341	228	14	12	41	3	2	1
3342	112	9	3	41	1	2	15
3343	218	13	30	41	18	2	17
3344	69	7	5	41	26	2	10
3345	234	14	21	41	3	2	5
3346	338	19	12	41	8	2	11
3347	231	14	17	41	12	2	24
3348	3	4	5	41	9	2	27
3349	616	32	0	41	30	2	5
3350	331	19	2	41	5	2	6
3351	335	19	8	41	24	2	5
3352	15	4	23	41	17	2	16
3353	232	14	18	41	29	2	1
3354	382	21	12	41	25	2	29
3355	602	31	12	41	12	2	3
3356	397	22	2	41	17	2	24
3357	694	35	18	41	16	2	13
3358	144	10	18	41	15	2	7
3359	647	33	14	41	30	2	24
3360	537	28	14	41	11	2	8
3361	779	39	14	41	13	2	11
3362	493	26	14	41	2	2	16
3363	155	11	2	41	7	2	26
3364	744	37	27	41	25	2	16
3365	402	22	9	41	14	2	20
3366	477	25	23	41	22	2	19
3367	91	8	5	41	24	2	26
3368	427	23	14	41	11	2	8
3369	186	12	15	41	3	2	22
3370	410	22	21	41	24	2	4
3371	692	35	15	41	1	2	0
3372	729	37	5	41	22	2	17
3373	747	37	32	41	23	2	9
3374	782	39	18	41	12	2	7
3375	70	7	6	41	3	2	3
3376	377	21	5	41	2	2	26
3377	148	10	24	41	23	2	30
3378	679	34	29	41	25	2	2
3379	169	11	23	41	23	2	6
3380	270	16	9	41	8	2	5
3381	770	39	0	41	24	2	8
3382	623	32	11	41	4	2	12
3383	254	15	18	41	30	2	18
3384	217	13	29	41	19	2	25
3385	26	5	6	41	11	2	4
3386	598	31	6	41	30	2	22
3387	552	29	3	41	13	2	21
3388	68	7	3	41	9	2	15
3389	651	33	20	41	25	2	16
3390	416	22	30	41	14	2	7
3391	753	38	8	41	18	2	12
3392	765	38	26	41	3	2	17
3393	204	13	9	41	6	2	28
3394	451	24	17	41	17	2	8
3395	716	36	18	41	4	2	26
3396	557	29	11	41	30	2	6
3397	384	21	15	41	4	2	13
3398	296	17	15	41	14	2	28
3399	366	20	21	41	31	2	1
3400	351	19	32	41	19	2	21
3401	179	12	5	41	24	2	29
3402	174	11	30	41	18	2	25
3403	776	39	9	41	11	2	12
3404	566	29	24	41	16	2	16
3405	122	9	18	41	14	2	11
3406	494	26	15	41	27	2	1
3407	320	18	18	41	9	2	15
3408	282	16	27	41	20	2	8
3409	472	25	15	41	25	2	19
3410	344	19	21	41	8	2	0
3411	139	10	11	41	13	2	8
3412	587	30	23	41	28	2	20
3413	555	29	8	41	24	2	15
3414	649	33	17	41	22	2	25
3415	576	30	6	41	13	2	28
3416	94	8	9	41	17	2	0
3417	417	22	32	41	17	2	20
3418	298	17	18	41	7	2	1
3419	309	18	2	41	24	2	3
3420	312	18	6	41	7	2	14
3421	524	27	27	41	14	2	11
3422	262	15	30	41	28	2	23
3423	693	35	17	41	28	2	29
3424	183	12	11	41	26	2	3
3425	500	26	24	41	16	2	15
3426	757	38	14	41	2	2	26
3427	726	37	0	41	16	2	22
3428	73	7	11	41	1	2	30
3429	200	13	3	41	7	2	26
3430	290	17	6	41	12	2	23
3431	340	19	15	41	11	2	1
3432	83	7	26	41	28	2	5
3433	769	38	32	41	10	2	20
3434	777	39	11	41	19	2	23
3435	348	19	27	41	23	2	13
3436	636	32	30	41	24	2	16
3437	764	38	24	41	27	2	30
3438	523	27	26	41	29	2	22
3439	108	8	30	41	29	2	22
3440	103	8	23	41	23	2	17
3441	258	15	24	41	20	2	11
3442	353	20	2	41	13	2	4
3443	63	6	29	41	3	2	3
3444	741	37	23	41	5	2	2
3445	158	11	6	41	4	2	15
3446	177	12	2	41	22	2	30
3447	684	35	3	41	14	2	10
3448	288	17	3	41	10	2	25
3449	454	24	21	41	24	2	19
3450	394	21	30	41	31	2	26
3451	45	6	2	41	7	2	14
3452	295	17	14	41	23	2	5
3453	551	29	2	41	26	2	8
3454	305	17	29	41	10	2	9
3455	214	13	24	41	17	2	16
3456	759	38	17	41	28	2	15
3457	787	39	26	41	22	2	12
3458	51	6	11	41	26	2	10
3459	522	27	24	41	27	2	11
3460	164	11	15	41	24	2	30
3461	346	19	24	41	8	2	19
3462	791	39	32	41	6	2	13
3463	589	30	26	41	7	2	3
3464	548	28	30	41	21	2	18
3465	481	25	29	41	19	2	23
3466	274	16	15	41	12	2	12
3467	513	27	11	41	15	2	14
3468	163	11	14	41	31	2	29
3469	34	5	18	41	28	2	15
3470	550	29	0	41	17	2	11
3471	142	10	15	41	21	2	19
3472	184	12	12	41	21	2	30
3473	702	35	30	41	11	2	26
3474	336	19	9	41	27	2	1
3475	681	34	32	41	28	2	10
3476	751	38	5	41	12	2	30
3477	22	5	0	41	8	2	17
3478	667	34	11	41	28	2	5
3479	480	25	27	41	10	2	0
3480	242	15	0	41	19	2	7
3481	8	4	12	41	24	2	2
3482	373	20	32	41	14	2	0
3483	749	38	2	41	24	2	13
3484	650	33	18	41	30	2	7
3485	462	25	0	41	12	2	25
3486	306	17	30	41	31	2	28
3487	25	5	5	41	25	2	7
3488	591	30	29	41	26	2	5
3489	165	11	17	41	27	2	10
3490	405	22	14	41	22	2	3
3491	487	26	5	41	20	2	29
3492	659	33	32	41	27	2	9
3493	223	14	5	41	1	2	24
3494	5	4	8	41	30	2	7
3495	492	26	12	41	31	2	7
3496	592	30	30	41	5	2	5
3497	308	18	0	41	21	2	25
3498	380	21	9	41	29	2	11
3499	605	31	17	41	2	2	18
3500	644	33	9	41	22	2	12
3501	549	28	32	41	16	2	28
3502	261	15	29	41	22	2	14
3503	66	7	0	41	20	2	17
3504	752	38	6	41	26	2	29
3505	14	4	21	41	29	2	6
3506	660	34	0	41	15	2	19
3507	111	9	2	41	16	2	5
3508	473	25	17	41	18	2	5
3509	510	27	6	41	31	2	26
3510	490	26	9	41	10	2	27
3511	32	5	15	41	20	2	12
3512	357	20	8	41	10	2	20
3513	409	22	20	41	10	2	20
3514	569	29	29	41	26	2	2
3515	420	23	3	41	20	2	24
3516	42	5	30	41	8	2	13
3517	328	18	30	41	12	2	28
3518	278	16	21	41	15	2	30
3519	275	16	17	41	20	2	1
3520	696	35	21	41	22	2	21
3521	79	7	20	41	31	2	18
3522	39	5	26	41	1	2	24
3523	433	23	23	41	10	2	6
3524	401	22	8	41	11	2	21
3525	375	21	2	41	17	2	4
3526	434	23	24	41	22	2	17
3527	701	35	29	41	22	2	13
3528	710	36	9	41	25	2	9
3529	104	8	24	41	1	2	19
3530	613	31	29	41	4	2	26
3531	156	11	3	41	12	2	2
3532	532	28	6	41	27	2	4
3533	718	36	21	41	25	2	27
3534	368	20	24	41	23	2	15
3535	740	37	21	41	17	2	10
3536	49	6	8	41	23	2	20
3537	269	16	8	41	20	2	29
3538	656	33	27	41	16	2	4
3539	580	30	12	41	30	2	16
3540	575	30	5	41	2	2	1
3541	130	9	30	41	16	2	21
3542	113	9	5	41	24	2	18
3543	408	22	18	41	10	2	16
3544	612	31	27	41	24	2	7
3545	233	14	20	41	9	2	30
3546	698	35	24	41	11	2	10
3547	639	33	2	41	12	2	8
3548	756	38	12	41	3	2	27
3549	553	29	5	41	9	2	8
3550	573	30	2	41	27	2	24
3551	683	35	2	41	8	2	3
3552	192	12	24	41	10	2	6
3553	355	20	5	41	22	2	15
3554	675	34	23	41	12	2	11
3555	229	14	14	41	3	2	19
3556	466	25	6	41	10	2	19
3557	707	36	5	41	1	2	4
3558	29	5	11	41	16	2	5
3559	168	11	21	41	2	2	17
3560	482	25	30	41	24	2	22
3561	72	7	9	41	9	2	30
3562	690	35	12	41	21	2	13
3563	327	18	29	41	8	2	24
3564	251	15	14	41	31	2	6
3565	180	12	6	41	16	2	23
3566	188	12	18	41	29	2	0
3567	455	24	23	41	8	2	29
3568	578	30	9	41	7	2	3
3569	562	29	18	41	12	2	27
3570	120	9	15	41	16	2	4
3571	365	20	20	41	9	2	9
3572	599	31	8	41	13	2	18
3573	677	34	26	41	28	2	6
3574	319	18	17	41	9	2	22
3575	20	4	30	41	16	2	21
3576	54	6	15	41	28	2	22
3577	581	30	14	41	29	2	10
3578	90	8	3	41	2	2	1
3579	421	23	5	41	23	2	3
3580	642	33	6	41	28	2	7
3581	577	30	8	41	22	2	1
3582	33	5	17	41	23	2	21
3583	159	11	8	41	18	2	23
3584	585	30	20	41	16	2	2
3585	237	14	26	41	12	2	22
3586	543	28	23	41	21	2	11
3587	485	26	2	41	16	2	25
3588	220	14	0	41	28	2	13
3589	556	29	9	41	12	2	5
3590	287	17	2	41	9	2	1
3591	145	10	20	41	8	2	19
3592	491	26	11	41	8	2	17
3593	428	23	15	41	2	2	12
3594	253	15	17	41	9	2	0
3595	138	10	9	41	24	2	28
3596	396	22	0	41	15	2	25
3597	413	22	26	41	28	2	0
3598	358	20	9	41	22	2	14
3599	498	26	21	41	14	2	22
3600	785	39	23	41	14	2	8
3601	739	37	20	41	30	2	12
3602	30	5	12	41	17	2	19
3603	205	13	11	41	7	2	18
3604	84	7	27	41	19	2	7
3605	325	18	26	41	5	2	3
3606	78	7	18	41	27	2	26
3607	105	8	26	41	5	2	12
3608	321	18	20	41	6	2	12
3609	263	15	32	41	13	2	28
3610	12	4	18	41	18	2	30
3611	595	31	2	41	1	2	5
3612	46	6	3	41	23	2	27
3613	195	12	29	41	14	2	15
3614	453	24	20	41	23	2	25
3615	239	14	29	41	4	2	17
3616	191	12	23	41	15	2	26
3617	518	27	18	41	4	2	21
3618	603	31	14	41	18	2	14
3619	333	19	5	41	30	2	25
3620	604	31	15	41	6	2	23
3621	476	25	21	41	25	2	26
3622	6	4	9	41	2	2	7
3623	371	20	29	41	2	2	23
3624	630	32	21	41	20	2	5
3625	720	36	24	41	7	2	15
3626	279	16	23	41	26	2	24
3627	31	5	14	41	18	2	7
3628	248	15	9	41	16	2	8
3629	149	10	26	41	26	2	1
3630	689	35	11	41	17	2	2
3631	329	18	32	41	1	2	5
3632	92	8	6	41	29	2	3
3633	415	22	29	41	27	2	7
3634	310	18	3	41	12	2	10
3635	303	17	26	41	30	2	9
3636	13	4	20	41	7	2	10
3637	760	38	18	41	4	2	19
3638	47	6	5	41	19	2	7
3639	503	26	29	41	19	2	19
3640	196	12	30	41	5	2	11
3641	732	37	9	41	22	2	30
3642	443	24	5	41	12	2	2
3643	638	33	0	41	1	2	23
3644	43	5	32	41	29	2	27
3645	301	17	23	41	1	2	23
3646	36	5	21	41	7	2	14
3647	429	23	17	41	10	2	6
3648	768	38	30	41	30	2	15
3649	564	29	21	41	23	2	26
3650	554	29	6	41	9	2	13
3651	206	13	12	41	30	2	30
3652	390	21	24	41	16	2	4
3653	337	19	11	41	6	2	17
3654	568	29	27	41	9	2	15
3655	194	12	27	41	24	2	9
3656	285	16	32	41	1	2	30
3657	41	5	29	41	14	2	2
3658	80	7	21	41	29	2	13
3659	110	9	0	41	15	2	15
3660	385	21	17	41	26	2	21
3661	171	11	26	41	8	2	0
3662	389	21	23	41	22	2	30
3663	151	10	29	41	3	2	24
3664	539	28	17	41	23	2	3
3665	135	10	5	41	23	2	11
3666	773	39	5	41	17	2	4
3667	682	35	0	41	6	2	21
3668	736	37	15	41	17	2	18
3669	450	24	15	41	17	2	25
3670	742	37	24	41	18	2	13
3671	506	27	0	41	7	2	18
3672	668	34	12	41	20	2	0
3673	117	9	11	41	13	2	23
3674	783	39	20	41	5	2	4
3675	719	36	23	41	27	2	2
3676	240	14	30	41	7	2	20
3677	153	10	32	41	4	2	1
3678	167	11	20	41	6	2	8
3679	419	23	2	41	31	2	7
3680	629	32	20	41	4	2	14
3681	334	19	6	41	13	2	12
3682	456	24	24	41	25	2	1
3683	1	4	2	41	25	2	28
3684	724	36	30	41	17	2	27
3685	27	5	8	41	20	2	8
3686	665	34	8	41	21	2	12
3687	114	9	6	41	6	2	23
3688	786	39	24	41	22	2	30
3689	392	21	27	41	29	2	22
3690	225	14	8	41	11	2	28
3691	341	19	17	41	17	2	10
3692	330	19	0	41	24	2	10
3693	260	15	27	41	7	2	18
3694	59	6	23	41	19	2	15
3695	515	27	14	41	9	2	6
3696	124	9	21	41	19	2	26
3697	57	6	20	41	13	2	28
3698	265	16	2	41	6	2	5
3699	82	7	24	41	25	2	28
3700	469	25	11	41	8	2	8
3701	521	27	23	41	2	2	1
3702	422	23	6	41	5	2	27
3703	563	29	20	41	26	2	3
3704	728	37	3	41	7	2	0
3705	545	28	26	41	20	2	6
3706	558	29	12	41	22	2	3
3707	286	17	0	41	3	2	23
3708	307	17	32	41	27	2	24
3709	766	38	27	41	8	2	10
3710	437	23	29	41	7	2	16
3711	713	36	14	41	31	2	4
3712	731	37	8	41	21	2	3
3713	249	15	11	41	14	2	30
3714	23	5	2	41	7	2	3
3715	674	34	21	41	3	2	10
3716	468	25	9	41	30	2	28
3717	243	15	2	41	20	2	19
3718	465	25	5	41	3	2	19
3719	600	31	9	41	21	2	24
3720	367	20	23	41	21	2	28
3721	332	19	3	41	28	2	0
3722	213	13	23	41	9	2	26
3723	479	25	26	41	10	2	24
3724	55	6	17	41	9	2	29
3725	345	19	23	41	16	2	2
3726	326	18	27	41	4	2	8
3727	317	18	14	41	4	2	10
3728	715	36	17	41	17	2	22
3729	676	34	24	41	5	2	1
3730	624	32	12	41	28	2	28
3731	632	32	24	41	10	2	10
3732	76	7	15	41	25	2	29
3733	767	38	29	41	18	2	6
3734	61	6	26	41	29	2	29
3735	775	39	8	41	15	2	29
3736	540	28	18	41	19	2	13
3737	663	34	5	41	9	2	26
3738	363	20	17	41	1	2	20
3739	530	28	3	41	20	2	12
3740	75	7	14	41	24	2	24
3741	695	35	20	41	16	2	18
3742	256	15	21	41	20	2	8
3743	360	20	12	41	20	2	10
3744	474	25	18	41	24	2	22
3745	235	14	23	41	11	2	12
3746	508	27	3	41	31	2	2
3747	590	30	27	41	28	2	8
3748	688	35	9	41	6	2	5
3749	774	39	6	41	23	2	4
3750	173	11	29	41	17	2	2
3751	378	21	6	41	4	2	11
3752	496	26	18	41	6	2	0
3753	132	10	0	41	31	2	25
3754	359	20	11	41	9	2	19
3755	324	18	24	41	15	2	6
3756	772	39	3	41	8	2	0
3757	633	32	26	41	4	2	19
3758	349	19	29	41	26	2	19
3759	299	17	20	41	23	2	20
3760	594	31	0	41	17	2	15
3761	119	9	14	41	27	2	23
3762	281	16	26	41	1	2	17
3763	182	12	9	41	8	2	19
3764	369	20	26	41	9	2	19
3765	601	31	11	41	12	2	4
3766	657	33	29	41	28	2	30
3767	58	6	21	41	3	2	24
3768	461	24	32	41	22	2	17
3769	664	34	6	41	21	2	23
3770	687	35	8	41	15	2	15
3771	414	22	27	41	1	2	14
3772	625	32	14	41	13	2	24
3773	730	37	6	41	14	2	0
3774	276	16	18	41	25	2	6
3775	784	39	21	41	5	2	8
3776	641	33	5	41	17	2	20
3777	393	21	29	41	7	2	15
3778	780	39	15	41	26	2	20
3779	127	9	26	41	14	2	9
3780	673	34	20	41	3	2	24
3781	449	24	14	41	21	2	3
3782	475	25	20	41	9	2	22
3783	658	33	30	41	26	2	27
3784	680	34	30	41	1	2	0
3785	35	5	20	41	30	2	7
3786	607	31	20	41	7	2	17
3787	619	32	5	41	19	2	30
3788	107	8	29	41	3	2	26
3789	789	39	29	41	12	2	8
3790	38	5	24	41	31	2	5
3791	755	38	11	41	31	2	6
3792	541	28	20	41	30	2	3
3793	175	11	32	41	30	2	8
3794	495	26	17	41	20	2	13
3795	304	17	27	41	29	2	15
3796	501	26	26	41	4	2	18
3797	199	13	2	41	21	2	23
3798	226	14	9	41	5	2	15
3799	379	21	8	41	24	2	30
3800	150	10	27	41	1	2	5
3801	444	24	6	41	12	2	4
3802	342	19	18	41	2	2	16
3803	505	26	32	41	29	2	16
3804	737	37	17	41	29	2	20
3805	266	16	3	41	16	2	2
3806	406	22	15	41	19	2	18
3807	74	7	12	41	1	2	29
3808	478	25	24	41	26	2	9
3809	534	28	9	41	3	2	23
3810	653	33	23	41	29	2	27
3811	582	30	15	41	15	2	9
3812	131	9	32	41	5	2	14
3813	176	12	0	41	6	2	12
3814	669	34	14	41	24	2	10
3815	247	15	8	41	21	2	15
3816	593	30	32	41	10	2	8
3817	597	31	5	41	1	2	23
3818	509	27	5	41	21	2	14
3819	140	10	12	41	25	2	10
3820	56	6	18	41	26	2	12
3821	596	31	3	41	9	2	28
3822	297	17	17	41	19	2	15
3823	570	29	30	41	15	2	29
3824	621	32	8	41	28	2	20
3825	435	23	26	41	18	2	12
3826	721	36	26	41	6	2	11
3827	64	6	30	41	29	2	13
3828	781	39	17	41	3	2	2
3829	631	32	23	41	12	2	29
3830	268	16	6	41	16	2	3
3831	52	6	12	41	19	2	23
3832	761	38	20	41	23	2	25
3833	129	9	29	41	29	2	18
3834	277	16	20	41	4	2	18
3835	572	30	0	41	23	2	24
3836	519	27	20	41	14	2	12
3837	708	36	6	41	26	2	12
3838	586	30	21	41	19	2	20
3839	426	23	12	41	1	2	30
3840	727	37	2	41	22	2	13
3841	457	24	26	41	31	2	4
3842	634	32	27	41	2	2	8
3843	432	23	21	41	7	2	23
3844	17	4	26	41	18	2	7
3845	121	9	17	41	20	2	21
3846	646	33	12	41	28	2	25
3847	622	32	9	41	11	2	5
3848	608	31	21	41	24	2	27
3849	448	24	12	41	15	2	13
3850	361	20	14	41	21	2	4
3851	246	15	6	41	14	2	16
3852	645	33	11	41	9	2	0
3853	100	8	18	41	11	2	11
3854	96	8	12	41	5	2	22
3855	67	7	2	41	7	2	0
3856	430	23	18	41	11	2	12
3857	565	29	23	41	16	2	25
3858	197	12	32	41	23	2	21
3859	245	15	5	41	22	2	3
3860	447	24	11	41	7	2	23
3861	628	32	18	41	8	2	10
3862	106	8	27	41	14	2	13
3863	395	21	32	41	24	2	28
3864	322	18	21	41	1	2	5
3865	743	37	26	41	26	2	23
3866	611	31	26	41	11	2	21
3867	267	16	5	41	18	2	19
3868	147	10	23	41	6	2	26
3869	502	26	27	41	27	2	18
3870	4	4	6	41	18	2	24
3871	547	28	29	41	19	2	25
3872	588	30	24	41	24	2	19
3873	343	19	20	41	13	2	2
3874	211	13	20	41	26	2	25
3875	18	4	27	41	2	2	7
3876	71	7	8	41	23	2	27
3877	529	28	2	41	13	2	12
3878	618	32	3	41	22	2	18
3879	212	13	21	41	28	2	17
3880	436	23	27	41	7	2	17
3881	617	32	2	41	30	2	24
3882	208	13	15	41	14	2	12
3883	193	12	26	41	20	2	16
3884	241	14	32	41	11	2	29
3885	778	39	12	41	19	2	17
3886	300	17	21	41	27	2	24
3887	725	36	32	41	21	2	7
3888	579	30	11	41	30	2	18
3889	533	28	8	41	27	2	10
3890	323	18	23	41	14	2	3
3891	391	21	26	41	28	2	27
3892	244	15	3	41	2	2	0
3893	423	23	8	41	22	2	29
3894	637	32	32	41	31	2	22
3895	203	13	8	41	25	2	15
3896	250	15	12	41	18	2	18
3897	527	27	32	41	14	2	29
3898	210	13	18	41	24	2	14
3899	364	20	18	41	19	2	16
3900	697	35	23	41	28	2	22
3901	313	18	8	41	19	2	17
3902	404	22	12	41	2	2	21
3903	788	39	27	41	3	2	15
3904	376	21	3	41	24	2	30
3905	289	17	5	41	2	2	1
3906	259	15	26	41	3	2	3
3907	216	13	27	41	15	2	10
3908	350	19	30	41	12	2	24
3909	609	31	23	41	30	2	3
3910	489	26	8	41	4	2	3
3911	48	6	6	41	3	2	24
3912	738	37	18	41	25	2	5
3913	53	6	14	41	4	2	6
3914	40	5	27	41	7	2	27
3915	635	32	29	41	10	2	7
3916	412	22	24	41	27	2	26
3917	28	5	9	41	12	2	18
3918	125	9	23	41	17	2	27
3919	128	9	27	41	13	2	29
3920	154	11	0	41	7	2	3
3921	525	27	29	41	11	2	29
3922	315	18	11	41	10	2	12
3923	763	38	23	41	6	2	16
3924	152	10	30	41	18	2	28
3925	712	36	12	41	20	2	20
3926	471	25	14	41	14	2	6
3927	748	38	0	41	31	2	5
3928	574	30	3	41	29	2	5
3929	446	24	9	41	18	2	3
3930	507	27	2	41	24	2	27
3931	62	6	27	41	17	2	15
3932	546	28	27	41	25	2	4
3933	441	24	2	41	27	2	5
3934	264	16	0	41	13	2	26
3935	388	21	21	41	14	2	26
3936	347	19	26	41	3	2	20
3937	561	29	17	41	6	2	2
3938	571	29	32	41	19	2	30
3939	403	22	11	41	5	2	6
3940	512	27	9	41	14	2	30
3941	439	23	32	41	1	2	15
3942	198	13	0	41	27	2	30
3943	95	8	11	41	23	2	29
3944	567	29	26	41	3	2	20
3945	606	31	18	41	27	2	14
3946	488	26	6	41	27	2	30
3947	19	4	29	41	12	2	29
3948	672	34	18	41	24	2	7
3949	758	38	15	41	3	2	1
3950	209	13	17	41	13	2	16
3951	181	12	8	41	17	2	25
3952	662	34	3	41	12	2	14
3953	227	14	11	41	27	2	4
3954	452	24	18	41	2	2	20
3955	560	29	15	41	3	2	9
3956	745	37	29	41	17	2	30
3957	640	33	3	41	20	2	16
3958	215	13	26	41	20	2	19
3959	87	7	32	41	30	2	15
3960	760	38	18	41	16	2	22
3961	294	17	12	41	7	2	17
3962	185	12	14	41	3	2	4
3963	445	24	8	41	27	2	10
3964	34	5	18	41	24	2	4
3965	703	35	32	41	29	2	17
3966	533	28	8	41	24	2	3
3967	269	16	8	41	28	2	30
3968	418	23	0	41	9	2	18
3969	231	14	17	41	18	2	16
3970	66	7	0	41	27	2	6
3971	404	22	12	41	25	2	1
3972	367	20	23	41	7	2	13
3973	604	31	15	41	24	2	16
3974	335	19	8	41	22	2	9
3975	423	23	8	41	7	2	30
3976	411	22	23	41	15	2	0
3977	576	30	6	41	2	2	30
3978	735	37	14	41	3	2	16
3979	743	37	26	41	1	2	12
3980	526	27	30	41	6	2	26
3981	288	17	3	41	16	2	30
3982	382	21	12	41	13	2	26
3983	401	22	8	41	17	2	8
3984	179	12	5	41	30	2	28
3985	617	32	2	41	25	2	24
3986	627	32	17	41	19	2	4
3987	240	14	30	41	30	2	29
3988	292	17	9	41	20	2	18
3989	141	10	14	41	24	2	17
3990	573	30	2	41	14	2	2
3991	54	6	15	41	8	2	11
3992	579	30	11	41	15	2	20
3993	377	21	5	41	11	2	18
3994	591	30	29	41	24	2	6
3995	755	38	11	41	19	2	30
3996	168	11	21	41	22	2	1
3997	78	7	18	41	9	2	14
3998	570	29	30	41	4	2	2
3999	118	9	12	41	17	2	20
